age,gender,spotify_usage_period,spotify_listening_device,spotify_subscription_plan,premium_sub_willingness,preffered_premium_plan,preferred_listening_content,fav_music_genre,music_time_slot,music_influencial_mood,music_lis_frequency,music_expl_method,music_recc_rating,pod_lis_frequency,fav_pod_genre,preffered_pod_format,pod_host_preference,preffered_pod_duration,pod_variety_satisfaction,premium_sub_willingness_binary,uses_smartphone,uses_computer,uses_speaker,uses_wearable,device_diversity,primary_listening_device,Age_Segment,Relaxation,Motivational,Sadness,Social,Uses_Recommendations,Uses_Playlists,Uses_Radio,Uses_External,music_expl_category,Travel_Listening,Leisure_Listening,Workout_Listening,Study_Listening,Office_Listening,Night_Winddown,pod_lis_category
20-35,Female,More than 2 years,Smart speakers or voice assistants,Free,Yes,Family plan,Podcast,Melody,Night,Sadness or melancholy,leisure time,Playlists,3,Daily,Comedy,Interview,Both,Both,Ok,1,0,0,1,0,1,Speaker,Young Adult,0,0,1,0,0,1,0,0,Playlist-driven,0,1,0,0,0,0,Regular user
12-20,Male,More than 2 years,Computer or laptop,Free,Yes,Individual plan,Podcast,Rap,Afternoon,Social gatherings or parties,Workout session,Playlists,2,Several times a week,Comedy,Interview,Both,No Podcast Usage,Satisfied,1,0,1,0,0,1,Computer,Teen Listener,0,0,0,1,0,1,0,0,Playlist-driven,0,0,1,0,0,0,Regular user
35-60,Others,6 months to 1 year,Smart speakers or voice assistants,Free,Yes,Student plan,Podcast,Pop,Night,Relaxation and stress relief,"Study Hours, While Traveling",Playlists,4,Once a week,Sports,Interview,No Podcast Usage,Both,Satisfied,1,0,0,1,0,1,Speaker,Adult Listener,1,0,0,0,0,1,0,0,Playlist-driven,1,0,0,1,0,0,Light user
20-35,Female,1 year to 2 years,"Smartphone, Smart speakers or voice assistants",Free,No,None,Music,Melody,Night,"Relaxation and stress relief, Social gatherings or parties","Office hours, Workout session, leisure time","recommendations, Playlists",4,Never,No Podcast Usage,No Podcast Usage,No Podcast Usage,No Podcast Usage,Ok,0,1,0,1,0,2,Smartphone,Young Adult,1,0,0,1,1,1,0,0,Hybrid: Rec + Playlist,0,1,1,0,1,0,Non-podcast user
20-35,Female,1 year to 2 years,Smartphone,Free,No,None,Music,Melody,Night,Relaxation and stress relief,leisure time,"recommendations, Playlists",4,Rarely,Lifestyle and Health,Story telling,Well known individuals,Both,Ok,0,1,0,0,0,1,Smartphone,Young Adult,1,0,0,0,1,1,0,0,Hybrid: Rec + Playlist,0,1,0,0,0,0,Light user
20-35,Male,More than 2 years,Smartphone,Free,No,None,Music,Pop,Night,Uplifting and motivational,Workout session,Others,3,Never,No Podcast Usage,No Podcast Usage,No Podcast Usage,No Podcast Usage,Ok,0,1,0,0,0,1,Smartphone,Young Adult,0,1,0,0,0,0,0,1,External Discovery,0,0,1,0,0,0,Non-podcast user
20-35,Female,1 year to 2 years,Smartphone,Free,No,None,Music,Melody,Morning,Relaxation and stress relief,Office hours,recommendations,3,Never,No Podcast Usage,No Podcast Usage,No Podcast Usage,No Podcast Usage,Ok,0,1,0,0,0,1,Smartphone,Young Adult,1,0,0,0,1,0,0,0,Algorithm-driven,0,0,0,0,1,0,Non-podcast user
20-35,Female,Less than 6 months,Smartphone,Free,No,None,Music,Melody,Night,Social gatherings or parties,leisure time,recommendations,5,Several times a week,Lifestyle and Health,Conversational,Both,Longer,Satisfied,0,1,0,0,0,1,Smartphone,Young Adult,0,0,0,1,1,0,0,0,Algorithm-driven,0,1,0,0,0,0,Regular user
20-35,Female,Less than 6 months,Smartphone,Free,Yes,Individual plan,Music,Melody,Afternoon,"Relaxation and stress relief, Uplifting and motivational","While Traveling, leisure time","Playlists, Radio",4,Rarely,Comedy,Story telling,Well known individuals,Shorter,Satisfied,1,1,0,0,0,1,Smartphone,Young Adult,1,1,0,0,0,1,1,0,Playlist-driven,1,1,0,0,0,0,Light user
20-35,Female,More than 2 years,Smartphone,Free,No,None,Music,Melody,Night,Relaxation and stress relief,"Office hours, While Traveling, Workout session",recommendations,4,Never,No Podcast Usage,No Podcast Usage,No Podcast Usage,No Podcast Usage,Ok,0,1,0,0,0,1,Smartphone,Young Adult,1,0,0,0,1,0,0,0,Algorithm-driven,1,0,1,0,1,0,Non-podcast user
20-35,Female,More than 2 years,Smartphone,Free,No,None,Music,Melody,Afternoon,"Relaxation and stress relief, Uplifting and motivational","While Traveling, leisure time",Playlists,3,Several times a week,Lifestyle and Health,Story telling,Both,Both,Satisfied,0,1,0,0,0,1,Smartphone,Young Adult,1,1,0,0,0,1,0,0,Playlist-driven,1,1,0,0,0,0,Regular user
20-35,Female,1 year to 2 years,Smartphone,Free,No,None,Music,Melody,Night,"Relaxation and stress relief, Uplifting and motivational","While Traveling, leisure time","recommendations, Playlists",3,Several times a week,Comedy,Interview,Both,Shorter,Ok,0,1,0,0,0,1,Smartphone,Young Adult,1,1,0,0,1,1,0,0,Hybrid: Rec + Playlist,1,1,0,0,0,0,Regular user
20-35,Female,1 year to 2 years,"Smartphone, Computer or laptop",Free,No,None,Music,Melody,Morning,Relaxation and stress relief,Office hours,Playlists,3,Rarely,Lifestyle and Health,Story telling,Well known individuals,Shorter,Ok,0,1,1,0,0,2,Smartphone,Young Adult,1,0,0,0,0,1,0,0,Playlist-driven,0,0,0,0,1,0,Light user
20-35,Female,More than 2 years,Smartphone,Free,No,None,Music,Melody,Night,"Relaxation and stress relief, Uplifting and motivational, Sadness or melancholy, Social gatherings or parties","Office hours, While Traveling","recommendations, Others",1,Rarely,Comedy,Story telling,Well known individuals,Shorter,Ok,0,1,0,0,0,1,Smartphone,Young Adult,1,1,1,1,1,0,0,1,Algorithm-driven,1,0,0,0,1,0,Light user
20-35,Female,More than 2 years,Smartphone,Free,Yes,Unknown,Music,Pop,Morning,Relaxation and stress relief,Office hours,"recommendations, Playlists",5,Rarely,Lifestyle and Health,Educational,Well known individuals,Shorter,Very Satisfied,1,1,0,0,0,1,Smartphone,Young Adult,1,0,0,0,1,1,0,0,Hybrid: Rec + Playlist,0,0,0,0,1,0,Light user
20-35,Female,More than 2 years,Smartphone,Free,No,None,Music,Pop,Afternoon,"Relaxation and stress relief, Uplifting and motivational","Office hours, While Traveling, leisure time",Others,2,Never,No Podcast Usage,No Podcast Usage,No Podcast Usage,No Podcast Usage,Very Dissatisfied,0,1,0,0,0,1,Smartphone,Young Adult,1,1,0,0,0,0,0,1,External Discovery,1,1,0,0,1,0,Non-podcast user
20-35,Female,Less than 6 months,Smartphone,Free,Yes,Individual plan,Music,Melody,Afternoon,Relaxation and stress relief,"While Traveling, leisure time","Playlists, Radio",1,Daily,Comedy,Educational,Well known individuals,Longer,Satisfied,1,1,0,0,0,1,Smartphone,Young Adult,1,0,0,0,0,1,1,0,Playlist-driven,1,1,0,0,0,0,Regular user
20-35,Female,Less than 6 months,Smartphone,Free,No,None,Music,Melody,Night,Social gatherings or parties,Social gatherings,recommendations,4,Never,No Podcast Usage,No Podcast Usage,No Podcast Usage,No Podcast Usage,Ok,0,1,0,0,0,1,Smartphone,Young Adult,0,0,0,1,1,0,0,0,Algorithm-driven,0,0,0,0,0,0,Non-podcast user
20-35,Female,More than 2 years,Smartphone,Free,No,None,Music,Melody,Night,Relaxation and stress relief,leisure time,recommendations,3,Never,No Podcast Usage,No Podcast Usage,No Podcast Usage,No Podcast Usage,Ok,0,1,0,0,0,1,Smartphone,Young Adult,1,0,0,0,1,0,0,0,Algorithm-driven,0,1,0,0,0,0,Non-podcast user
20-35,Female,1 year to 2 years,Smartphone,Free,Yes,Individual plan,Music,Melody,Night,Sadness or melancholy,"While Traveling, leisure time",recommendations,4,Never,No Podcast Usage,No Podcast Usage,No Podcast Usage,Shorter,Ok,1,1,0,0,0,1,Smartphone,Young Adult,0,0,1,0,1,0,0,0,Algorithm-driven,1,1,0,0,0,0,Non-podcast user
20-35,Female,1 year to 2 years,Smartphone,Free,No,None,Music,Melody,Night,"Relaxation and stress relief, Sadness or melancholy","While Traveling, leisure time","recommendations, Playlists",4,Never,No Podcast Usage,No Podcast Usage,No Podcast Usage,No Podcast Usage,Ok,0,1,0,0,0,1,Smartphone,Young Adult,1,0,1,0,1,1,0,0,Hybrid: Rec + Playlist,1,1,0,0,0,0,Non-podcast user
20-35,Male,More than 2 years,Smartphone,Free,Yes,Individual plan,Music,Other,Morning,Relaxation and stress relief,Office hours,recommendations,5,Never,No Podcast Usage,No Podcast Usage,No Podcast Usage,No Podcast Usage,Ok,1,1,0,0,0,1,Smartphone,Young Adult,1,0,0,0,1,0,0,0,Algorithm-driven,0,0,0,0,1,0,Non-podcast user
20-35,Female,Less than 6 months,Smartphone,Free,No,None,Music,Melody,Night,Relaxation and stress relief,While Traveling,recommendations,4,Once a week,Comedy,Story telling,Well known individuals,Shorter,Satisfied,0,1,0,0,0,1,Smartphone,Young Adult,1,0,0,0,1,0,0,0,Algorithm-driven,1,0,0,0,0,0,Light user
20-35,Female,More than 2 years,"Smartphone, Computer or laptop, Smart speakers or voice assistants",Premium,Yes,Individual plan,Music,Classical,Night,"Relaxation and stress relief, Uplifting and motivational, Sadness or melancholy, Social gatherings or parties","While Traveling, Workout session, leisure time","recommendations, Playlists, Radio",1,Rarely,Comedy,Interview,Both,Shorter,Very Satisfied,1,1,1,1,0,3,Smartphone,Young Adult,1,1,1,1,1,1,1,0,Hybrid: Rec + Playlist,1,1,1,0,0,0,Light user
20-35,Male,More than 2 years,"Smartphone, Computer or laptop",Premium,Yes,Family plan,Music,Other,Night,"Relaxation and stress relief, Sadness or melancholy",Study Hours,"recommendations, Radio",3,Rarely,Lifestyle and Health,Conversational,Both,Both,Ok,1,1,1,0,0,2,Smartphone,Young Adult,1,0,1,0,1,0,1,0,Algorithm-driven,0,0,0,1,0,0,Light user
20-35,Female,1 year to 2 years,Smartphone,Free,No,None,Music,Pop,Night,Relaxation and stress relief,"While Traveling, Workout session, leisure time",Others,4,Never,No Podcast Usage,No Podcast Usage,No Podcast Usage,No Podcast Usage,Ok,0,1,0,0,0,1,Smartphone,Young Adult,1,0,0,0,0,0,0,1,External Discovery,1,1,1,0,0,0,Non-podcast user
12-20,Male,6 months to 1 year,"Smartphone, Smart speakers or voice assistants",Premium,Yes,Student plan,Podcast,Rap,Morning,Relaxation and stress relief,"Office hours, While Traveling, Workout session",recommendations,4,Several times a week,Lifestyle and Health,Story telling,Both,Longer,Satisfied,1,1,0,1,0,2,Smartphone,Teen Listener,1,0,0,0,1,0,0,0,Algorithm-driven,1,0,1,0,1,0,Regular user
35-60,Male,Less than 6 months,Smartphone,Free,No,None,Music,Other,Night,Relaxation and stress relief,leisure time,recommendations,1,Never,No Podcast Usage,No Podcast Usage,No Podcast Usage,No Podcast Usage,Very Dissatisfied,0,1,0,0,0,1,Smartphone,Adult Listener,1,0,0,0,1,0,0,0,Algorithm-driven,0,1,0,0,0,0,Non-podcast user
20-35,Female,Less than 6 months,Smartphone,Free,No,None,Music,Pop,Night,Relaxation and stress relief,"Office hours, While Traveling",recommendations,4,Never,No Podcast Usage,No Podcast Usage,No Podcast Usage,No Podcast Usage,Ok,0,1,0,0,0,1,Smartphone,Young Adult,1,0,0,0,1,0,0,0,Algorithm-driven,1,0,0,0,1,0,Non-podcast user
20-35,Female,6 months to 1 year,"Smartphone, Computer or laptop",Free,No,None,Podcast,Melody,Night,"Relaxation and stress relief, Uplifting and motivational","Study Hours, leisure time",recommendations,3,Daily,Comedy,Conversational,Both,Longer,Satisfied,0,1,1,0,0,2,Smartphone,Young Adult,1,1,0,0,1,0,0,0,Algorithm-driven,0,1,0,1,0,0,Regular user
20-35,Female,6 months to 1 year,Smartphone,Free,No,None,Music,Melody,Morning,Relaxation and stress relief,While Traveling,Playlists,4,Rarely,Lifestyle and Health,Conversational,Well known individuals,Longer,Satisfied,0,1,0,0,0,1,Smartphone,Young Adult,1,0,0,0,0,1,0,0,Playlist-driven,1,0,0,0,0,0,Light user
20-35,Male,1 year to 2 years,Smartphone,Free,No,None,Music,Pop,Night,Relaxation and stress relief,Office hours,Playlists,5,Rarely,Comedy,Interview,Well known individuals,Both,Satisfied,0,1,0,0,0,1,Smartphone,Young Adult,1,0,0,0,0,1,0,0,Playlist-driven,0,0,0,0,1,0,Light user
12-20,Male,More than 2 years,Smartphone,Free,No,None,Music,Pop,Night,Uplifting and motivational,Workout session,"recommendations, Playlists",3,Never,No Podcast Usage,No Podcast Usage,No Podcast Usage,No Podcast Usage,Ok,0,1,0,0,0,1,Smartphone,Teen Listener,0,1,0,0,1,1,0,0,Hybrid: Rec + Playlist,0,0,1,0,0,0,Non-podcast user
12-20,Male,More than 2 years,Smartphone,Free,Yes,Unknown,Music,Pop,Night,Relaxation and stress relief,While Traveling,recommendations,3,Rarely,Comedy,Conversational,Both,Both,Ok,1,1,0,0,0,1,Smartphone,Teen Listener,1,0,0,0,1,0,0,0,Algorithm-driven,1,0,0,0,0,0,Light user
20-35,Female,Less than 6 months,Smartphone,Free,No,None,Music,Melody,Night,"Relaxation and stress relief, Uplifting and motivational, Sadness or melancholy, Social gatherings or parties","While Traveling, leisure time",Playlists,4,Rarely,Comedy,Story telling,Well known individuals,Shorter,Ok,0,1,0,0,0,1,Smartphone,Young Adult,1,1,1,1,0,1,0,0,Playlist-driven,1,1,0,0,0,0,Light user
12-20,Male,1 year to 2 years,Smartphone,Free,No,None,Music,Rap,Night,Uplifting and motivational,Workout session,Others,1,Never,No Podcast Usage,No Podcast Usage,No Podcast Usage,No Podcast Usage,Ok,0,1,0,0,0,1,Smartphone,Teen Listener,0,1,0,0,0,0,0,1,External Discovery,0,0,1,0,0,0,Non-podcast user
20-35,Female,More than 2 years,"Smartphone, Computer or laptop",Free,No,None,Music,Pop,Morning,Uplifting and motivational,"Office hours, While Traveling, leisure time","recommendations, Playlists, Radio",3,Several times a week,Other,Story telling,Both,Shorter,Ok,0,1,1,0,0,2,Smartphone,Young Adult,0,1,0,0,1,1,1,0,Hybrid: Rec + Playlist,1,1,0,0,1,0,Regular user
20-35,Female,More than 2 years,"Smartphone, Computer or laptop",Free,Yes,Individual plan,Music,Melody,Night,"Relaxation and stress relief, Social gatherings or parties","While Traveling, Workout session, leisure time","recommendations, Playlists",3,Rarely,Comedy,Conversational,Well known individuals,Shorter,Satisfied,1,1,1,0,0,2,Smartphone,Young Adult,1,0,0,1,1,1,0,0,Hybrid: Rec + Playlist,1,1,1,0,0,0,Light user
12-20,Female,More than 2 years,Smartphone,Free,No,None,Music,Melody,Night,Relaxation and stress relief,"While Traveling, leisure time",recommendations,4,Rarely,Comedy,Story telling,Both,Shorter,Satisfied,0,1,0,0,0,1,Smartphone,Teen Listener,1,0,0,0,1,0,0,0,Algorithm-driven,1,1,0,0,0,0,Light user
12-20,Female,More than 2 years,"Smartphone, Computer or laptop",Free,No,None,Music,Pop,Night,"Relaxation and stress relief, Uplifting and motivational","Study Hours, leisure time",Playlists,3,Rarely,No Podcast Usage,Interview,Both,Shorter,Ok,0,1,1,0,0,2,Smartphone,Teen Listener,1,1,0,0,0,1,0,0,Playlist-driven,0,1,0,1,0,0,Light user
12-20,Female,More than 2 years,Smartphone,Free,No,None,Music,Melody,Night,Relaxation and stress relief,"While Traveling, leisure time","recommendations, Playlists, Others",4,Rarely,Comedy,No Podcast Usage,Both,Shorter,Ok,0,1,0,0,0,1,Smartphone,Teen Listener,1,0,0,0,1,1,0,1,Hybrid: Rec + Playlist,1,1,0,0,0,0,Light user
12-20,Male,1 year to 2 years,Smartphone,Free,No,None,Music,Pop,Night,Relaxation and stress relief,"While Traveling, Workout session",Playlists,3,Rarely,No Podcast Usage,Conversational,Both,Both,Ok,0,1,0,0,0,1,Smartphone,Teen Listener,1,0,0,0,0,1,0,0,Playlist-driven,1,0,1,0,0,0,Light user
12-20,Female,More than 2 years,Smartphone,Free,Yes,Student plan,Music,Pop,Night,Uplifting and motivational,"Study Hours, Workout session, leisure time","recommendations, Playlists",4,Once a week,Comedy,Conversational,Both,Longer,Very Satisfied,1,1,0,0,0,1,Smartphone,Teen Listener,0,1,0,0,1,1,0,0,Hybrid: Rec + Playlist,0,1,1,1,0,0,Light user
12-20,Male,1 year to 2 years,"Smartphone, Computer or laptop",Free,No,None,Music,Classical,Afternoon,"Relaxation and stress relief, Uplifting and motivational, Social gatherings or parties","While Traveling, Workout session, leisure time","recommendations, Others",5,Daily,Health and Fitness,Interview,Well known individuals,Longer,Very Satisfied,0,1,1,0,0,2,Smartphone,Teen Listener,1,1,0,1,1,0,0,1,Algorithm-driven,1,1,1,0,0,0,Regular user
20-35,Female,Less than 6 months,Smartphone,Free,No,None,Music,Melody,Night,"Relaxation and stress relief, Sadness or melancholy","Office hours, While Traveling,","recommendations, Playlists",5,Once a week,Comedy,Story telling,No Podcast Usage,Both,Satisfied,0,1,0,0,0,1,Smartphone,Young Adult,1,0,1,0,1,1,0,0,Hybrid: Rec + Playlist,1,0,0,0,1,0,Light user
20-35,Male,1 year to 2 years,Smartphone,Free,No,None,Music,Melody,Night,Relaxation and stress relief,"While Traveling, leisure time",Playlists,5,Never,No Podcast Usage,No Podcast Usage,No Podcast Usage,No Podcast Usage,Ok,0,1,0,0,0,1,Smartphone,Young Adult,1,0,0,0,0,1,0,0,Playlist-driven,1,1,0,0,0,0,Non-podcast user
12-20,Male,1 year to 2 years,Smartphone,Free,No,None,Podcast,Classical,Afternoon,Sadness or melancholy,"While Traveling, Workout session",Others,3,Once a week,Lifestyle and Health,Conversational,Both,Both,Ok,0,1,0,0,0,1,Smartphone,Teen Listener,0,0,1,0,0,0,0,1,External Discovery,1,0,1,0,0,0,Light user
35-60,Male,1 year to 2 years,"Smartphone, Smart speakers or voice assistants",Free,Yes,Student plan,Podcast,Melody,Morning,Sadness or melancholy,"While Traveling, Workout session, leisure time","recommendations, Playlists",4,Once a week,Food and cooking,Interview,Both,Shorter,Satisfied,1,1,0,1,0,2,Smartphone,Adult Listener,0,0,1,0,1,1,0,0,Hybrid: Rec + Playlist,1,1,1,0,0,0,Light user
20-35,Female,Less than 6 months,"Smartphone, Wearable devices",Free,No,None,Music,Melody,Morning,Relaxation and stress relief,"While Traveling, leisure time","recommendations, Playlists",3,Once a week,Comedy,No Podcast Usage,Well known individuals,Shorter,Ok,0,1,0,0,1,2,Smartphone,Young Adult,1,0,0,0,1,1,0,0,Hybrid: Rec + Playlist,1,1,0,0,0,0,Light user
20-35,Male,1 year to 2 years,"Smartphone, Computer or laptop, Smart speakers or voice assistants",Premium,Yes,Individual plan,Music,Electronic/Dance,Night,"Relaxation and stress relief, Uplifting and motivational, Sadness or melancholy","While Traveling, Workout session, leisure time",recommendations,4,Rarely,Comedy,Story telling,unknown Podcasters,Shorter,Very Satisfied,1,1,1,1,0,3,Smartphone,Young Adult,1,1,1,0,1,0,0,0,Algorithm-driven,1,1,1,0,0,0,Light user
20-35,Male,More than 2 years,"Smartphone, Computer or laptop, Wearable devices",Free,No,None,Music,Melody,Night,Relaxation and stress relief,"While Traveling, leisure time","Playlists, Radio",3,Daily,Health and Fitness,Educational,Both,Shorter,Dissatisfied,0,1,1,0,1,3,Smartphone,Young Adult,1,0,0,0,0,1,1,0,Playlist-driven,1,1,0,0,0,0,Regular user
12-20,Female,1 year to 2 years,Smart speakers or voice assistants,Free,No,None,Music,Pop,Night,Relaxation and stress relief,leisure time,Others,4,Once a week,Comedy,Story telling,Both,Shorter,Ok,0,0,0,1,0,1,Speaker,Teen Listener,1,0,0,0,0,0,0,1,External Discovery,0,1,0,0,0,0,Light user
20-35,Male,Less than 6 months,Smartphone,Free,Yes,Individual plan,Music,Rap,Night,"Relaxation and stress relief, Sadness or melancholy",Office hours,Others,4,Never,No Podcast Usage,No Podcast Usage,No Podcast Usage,No Podcast Usage,Ok,1,1,0,0,0,1,Smartphone,Young Adult,1,0,1,0,0,0,0,1,External Discovery,0,0,0,0,1,0,Non-podcast user
20-35,Female,1 year to 2 years,Smartphone,Free,No,None,Podcast,Melody,Night,"Relaxation and stress relief, Uplifting and motivational","While Traveling, Workout session, leisure time","recommendations, Playlists",4,Rarely,Lifestyle and Health,Story telling,Both,Shorter,Very Satisfied,0,1,0,0,0,1,Smartphone,Young Adult,1,1,0,0,1,1,0,0,Hybrid: Rec + Playlist,1,1,1,0,0,0,Light user
20-35,Female,More than 2 years,"Smartphone, Wearable devices",Free,No,None,Music,Pop,Night,"Relaxation and stress relief, Social gatherings or parties","Office hours, While Traveling, leisure time","recommendations, Radio",3,Rarely,Lifestyle and Health,Educational,Well known individuals,Shorter,Satisfied,0,1,0,0,1,2,Smartphone,Young Adult,1,0,0,1,1,0,1,0,Algorithm-driven,1,1,0,0,1,0,Light user
12-20,Female,More than 2 years,Smartphone,Free,No,None,Music,Other,Morning,"Relaxation and stress relief, Uplifting and motivational","Workout session, leisure time",Playlists,5,Never,No Podcast Usage,No Podcast Usage,No Podcast Usage,No Podcast Usage,Ok,0,1,0,0,0,1,Smartphone,Teen Listener,1,1,0,0,0,1,0,0,Playlist-driven,0,1,1,0,0,0,Non-podcast user
20-35,Male,Less than 6 months,Smartphone,Free,No,None,Music,Classical,Afternoon,Relaxation and stress relief,"While Traveling, leisure time",Playlists,3,Rarely,Lifestyle and Health,Educational,Both,Shorter,Ok,0,1,0,0,0,1,Smartphone,Young Adult,1,0,0,0,0,1,0,0,Playlist-driven,1,1,0,0,0,0,Light user
20-35,Female,6 months to 1 year,Smartphone,Free,No,None,Music,Melody,Night,Relaxation and stress relief,While Traveling,Playlists,4,Once a week,Comedy,Story telling,No Podcast Usage,No Podcast Usage,Satisfied,0,1,0,0,0,1,Smartphone,Young Adult,1,0,0,0,0,1,0,0,Playlist-driven,1,0,0,0,0,0,Light user
20-35,Female,More than 2 years,"Smartphone, Computer or laptop",Free,No,None,Music,Pop,Morning,Relaxation and stress relief,"While Traveling, Workout session","recommendations, Playlists",4,Daily,Comedy,Story telling,Both,Shorter,Satisfied,0,1,1,0,0,2,Smartphone,Young Adult,1,0,0,0,1,1,0,0,Hybrid: Rec + Playlist,1,0,1,0,0,0,Regular user
20-35,Male,More than 2 years,"Computer or laptop, Wearable devices",Premium,Yes,Family plan,Music,Pop,Night,"Relaxation and stress relief, Uplifting and motivational, Sadness or melancholy, Social gatherings or parties","While Traveling, Workout session, leisure time","recommendations, Playlists",5,Never,No Podcast Usage,No Podcast Usage,No Podcast Usage,No Podcast Usage,Satisfied,1,0,1,0,1,2,Computer,Young Adult,1,1,1,1,1,1,0,0,Hybrid: Rec + Playlist,1,1,1,0,0,0,Non-podcast user
20-35,Male,More than 2 years,Smartphone,Free,Yes,Unknown,Music,Classical,Night,"Relaxation and stress relief, Uplifting and motivational, Sadness or melancholy","While Traveling, leisure time",recommendations,4,Rarely,Sports,Conversational,Well known individuals,Both,Satisfied,1,1,0,0,0,1,Smartphone,Young Adult,1,1,1,0,1,0,0,0,Algorithm-driven,1,1,0,0,0,0,Light user
20-35,Male,Less than 6 months,Smartphone,Free,No,None,Music,Pop,Night,Uplifting and motivational,leisure time,Others,3,Never,No Podcast Usage,No Podcast Usage,No Podcast Usage,No Podcast Usage,Ok,0,1,0,0,0,1,Smartphone,Young Adult,0,1,0,0,0,0,0,1,External Discovery,0,1,0,0,0,0,Non-podcast user
20-35,Male,Less than 6 months,Smartphone,Free,No,None,Music,Melody,Afternoon,"Relaxation and stress relief, Uplifting and motivational, Social gatherings or parties","While Traveling, leisure time",Others,3,Rarely,Sports,Story telling,Both,Shorter,Ok,0,1,0,0,0,1,Smartphone,Young Adult,1,1,0,1,0,0,0,1,External Discovery,1,1,0,0,0,0,Light user
20-35,Female,Less than 6 months,Smartphone,Free,No,None,Music,Melody,Night,Relaxation and stress relief,leisure time,Playlists,3,Rarely,Lifestyle and Health,Interview,Both,Shorter,Satisfied,0,1,0,0,0,1,Smartphone,Young Adult,1,0,0,0,0,1,0,0,Playlist-driven,0,1,0,0,0,0,Light user
12-20,Male,Less than 6 months,Computer or laptop,Free,No,None,Music,Rap,Afternoon,Relaxation and stress relief,"While Traveling, leisure time",recommendations,3,Never,No Podcast Usage,No Podcast Usage,No Podcast Usage,No Podcast Usage,Ok,0,0,1,0,0,1,Computer,Teen Listener,1,0,0,0,1,0,0,0,Algorithm-driven,1,1,0,0,0,0,Non-podcast user
20-35,Male,6 months to 1 year,Smartphone,Free,No,None,Music,Melody,Night,"Relaxation and stress relief, Sadness or melancholy",leisure time,"recommendations, Others",3,Never,No Podcast Usage,No Podcast Usage,No Podcast Usage,No Podcast Usage,Ok,0,1,0,0,0,1,Smartphone,Young Adult,1,0,1,0,1,0,0,1,Algorithm-driven,0,1,0,0,0,0,Non-podcast user
20-35,Male,More than 2 years,"Smartphone, Computer or laptop, Smart speakers or voice assistants, Wearable devices",Premium,Yes,Individual plan,Music,Melody,Night,"Relaxation and stress relief, Uplifting and motivational, Social gatherings or parties","While Traveling, Workout session, leisure time","recommendations, Playlists",5,Several times a week,Comedy,Conversational,Both,Both,Very Satisfied,1,1,1,1,1,4,Smartphone,Young Adult,1,1,0,1,1,1,0,0,Hybrid: Rec + Playlist,1,1,1,0,0,0,Regular user
20-35,Male,More than 2 years,"Smartphone, Computer or laptop",Premium,Yes,Individual plan,Music,Melody,Night,"Relaxation and stress relief, Uplifting and motivational",Office hours,"recommendations, Playlists",4,Rarely,Comedy,Story telling,Both,Shorter,Satisfied,1,1,1,0,0,2,Smartphone,Young Adult,1,1,0,0,1,1,0,0,Hybrid: Rec + Playlist,0,0,0,0,1,0,Light user
20-35,Female,Less than 6 months,Smartphone,Free,No,None,Music,Melody,Night,"Relaxation and stress relief, Uplifting and motivational, Sadness or melancholy, Social gatherings or parties","While Traveling, leisure time",Playlists,4,Never,Food and cooking,Story telling,Both,Shorter,Ok,0,1,0,0,0,1,Smartphone,Young Adult,1,1,1,1,0,1,0,0,Playlist-driven,1,1,0,0,0,0,Non-podcast user
20-35,Female,1 year to 2 years,"Smartphone, Computer or laptop, Wearable devices",Free,Yes,Individual plan,Music,Melody,Afternoon,Relaxation and stress relief,leisure time,recommendations,5,Never,No Podcast Usage,No Podcast Usage,No Podcast Usage,No Podcast Usage,Ok,1,1,1,0,1,3,Smartphone,Young Adult,1,0,0,0,1,0,0,0,Algorithm-driven,0,1,0,0,0,0,Non-podcast user
20-35,Female,1 year to 2 years,"Smartphone, Computer or laptop",Free,No,None,Music,Melody,Night,Relaxation and stress relief,"Office hours, While Traveling, Workout session",Playlists,5,Once a week,Lifestyle and Health,Interview,Both,Both,Satisfied,0,1,1,0,0,2,Smartphone,Young Adult,1,0,0,0,0,1,0,0,Playlist-driven,1,0,1,0,1,0,Light user
20-35,Female,Less than 6 months,Smartphone,Free,No,None,Music,Electronic/Dance,Afternoon,Uplifting and motivational,While Traveling,Playlists,3,Never,No Podcast Usage,No Podcast Usage,No Podcast Usage,No Podcast Usage,Ok,0,1,0,0,0,1,Smartphone,Young Adult,0,1,0,0,0,1,0,0,Playlist-driven,1,0,0,0,0,0,Non-podcast user
20-35,Female,More than 2 years,Smartphone,Free,No,None,Music,Melody,Night,"Relaxation and stress relief, Sadness or melancholy",leisure time,"recommendations, Playlists",5,Rarely,Lifestyle and Health,Conversational,Well known individuals,Shorter,Very Satisfied,0,1,0,0,0,1,Smartphone,Young Adult,1,0,1,0,1,1,0,0,Hybrid: Rec + Playlist,0,1,0,0,0,0,Light user
20-35,Female,Less than 6 months,"Smartphone, Computer or laptop",Free,No,None,Music,Melody,Morning,Social gatherings or parties,"Office hours, While Traveling, leisure time",Others,2,Rarely,Comedy,Conversational,Both,Both,Ok,0,1,1,0,0,2,Smartphone,Young Adult,0,0,0,1,0,0,0,1,External Discovery,1,1,0,0,1,0,Light user
12-20,Female,6 months to 1 year,Computer or laptop,Premium,No,None,Podcast,Melody,Afternoon,Uplifting and motivational,While Traveling,Radio,2,Daily,Health and Fitness,Interview,Well known individuals,Longer,Ok,0,0,1,0,0,1,Computer,Teen Listener,0,1,0,0,0,0,1,0,Radio/Autoplay,1,0,0,0,0,0,Regular user
20-35,Others,1 year to 2 years,Smart speakers or voice assistants,Premium,Yes,Student plan,Podcast,Rap,Afternoon,"Uplifting and motivational, Sadness or melancholy","While Traveling, Workout session, leisure time",Others,4,Once a week,Food and cooking,Story telling,Both,Longer,Satisfied,1,0,0,1,0,1,Speaker,Young Adult,0,1,1,0,0,0,0,1,External Discovery,1,1,1,0,0,0,Light user
20-35,Female,More than 2 years,Wearable devices,Free,Yes,Duo plan,Podcast,Rap,Night,Sadness or melancholy,Study Hours,recommendations,2,Daily,Lifestyle and Health,Conversational,unknown Podcasters,Both,Very Satisfied,1,0,0,0,1,1,Wearable,Young Adult,0,0,1,0,1,0,0,0,Algorithm-driven,0,0,0,1,0,0,Regular user
35-60,Male,1 year to 2 years,Computer or laptop,Free,Yes,Individual plan,Podcast,Pop,Afternoon,Social gatherings or parties,Workout session,Radio,5,Once a week,Comedy,Educational,No Podcast Usage,Shorter,Ok,1,0,1,0,0,1,Computer,Adult Listener,0,0,0,1,0,0,1,0,Radio/Autoplay,0,0,1,0,0,0,Light user
12-20,Female,1 year to 2 years,Computer or laptop,Free,Yes,Individual plan,Podcast,Melody,Afternoon,Sadness or melancholy,While Traveling,Radio,3,Several times a week,Health and Fitness,Story telling,Both,Longer,Very Satisfied,1,0,1,0,0,1,Computer,Teen Listener,0,0,1,0,0,0,1,0,Radio/Autoplay,1,0,0,0,0,0,Regular user
12-20,Female,1 year to 2 years,Computer or laptop,Free,Yes,Duo plan,Podcast,Classical,Afternoon,Uplifting and motivational,Study Hours,Radio,3,Rarely,Lifestyle and Health,Conversational,unknown Podcasters,Longer,Satisfied,1,0,1,0,0,1,Computer,Teen Listener,0,1,0,0,0,0,1,0,Radio/Autoplay,0,0,0,1,0,0,Light user
20-35,Female,6 months to 1 year,Smartphone,Free,No,None,Music,Melody,Afternoon,Relaxation and stress relief,leisure time,Others,4,Never,No Podcast Usage,No Podcast Usage,No Podcast Usage,No Podcast Usage,Ok,0,1,0,0,0,1,Smartphone,Young Adult,1,0,0,0,0,0,0,1,External Discovery,0,1,0,0,0,0,Non-podcast user
12-20,Female,Less than 6 months,Smartphone,Free,Yes,Duo plan,Podcast,Rap,Morning,Relaxation and stress relief,Study Hours,Radio,3,Once a week,Food and cooking,Story telling,Well known individuals,Shorter,Ok,1,1,0,0,0,1,Smartphone,Teen Listener,1,0,0,0,0,0,1,0,Radio/Autoplay,0,0,0,1,0,0,Light user
35-60,Male,Less than 6 months,Smartphone,Free,No,None,Podcast,Classical,Night,Relaxation and stress relief,leisure time,recommendations,4,Daily,Comedy,Conversational,Well known individuals,Shorter,Satisfied,0,1,0,0,0,1,Smartphone,Adult Listener,1,0,0,0,1,0,0,0,Algorithm-driven,0,1,0,0,0,0,Regular user
12-20,Others,6 months to 1 year,Computer or laptop,Free,Yes,Individual plan,Music,Melody,Morning,Uplifting and motivational,While Traveling,Radio,3,Several times a week,Health and Fitness,Story telling,unknown Podcasters,Longer,Satisfied,1,0,1,0,0,1,Computer,Teen Listener,0,1,0,0,0,0,1,0,Radio/Autoplay,1,0,0,0,0,0,Regular user
20-35,Female,1 year to 2 years,Smartphone,Free,No,None,Music,Melody,Night,Relaxation and stress relief,leisure time,Playlists,3,Several times a week,Comedy,No Podcast Usage,Both,Shorter,Ok,0,1,0,0,0,1,Smartphone,Young Adult,1,0,0,0,0,1,0,0,Playlist-driven,0,1,0,0,0,0,Regular user
20-35,Male,6 months to 1 year,Computer or laptop,Free,Yes,Duo plan,Podcast,Rap,Morning,Sadness or melancholy,While Traveling,Playlists,3,Several times a week,Sports,Interview,Both,Both,Very Satisfied,1,0,1,0,0,1,Computer,Young Adult,0,0,1,0,0,1,0,0,Playlist-driven,1,0,0,0,0,0,Regular user
12-20,Male,6 months to 1 year,Computer or laptop,Free,No,None,Podcast,Rap,Afternoon,Uplifting and motivational,Study Hours,Others,3,Once a week,Sports,Conversational,unknown Podcasters,Both,Ok,0,0,1,0,0,1,Computer,Teen Listener,0,1,0,0,0,0,0,1,External Discovery,0,0,0,1,0,0,Light user
20-35,Female,1 year to 2 years,Smartphone,Free,No,None,Music,Melody,Night,Relaxation and stress relief,"While Traveling, leisure time",recommendations,4,Never,No Podcast Usage,No Podcast Usage,No Podcast Usage,No Podcast Usage,Ok,0,1,0,0,0,1,Smartphone,Young Adult,1,0,0,0,1,0,0,0,Algorithm-driven,1,1,0,0,0,0,Non-podcast user
20-35,Female,Less than 6 months,Smartphone,Free,Yes,Individual plan,Podcast,Electronic/Dance,Night,Relaxation and stress relief,Office hours,Playlists,5,Several times a week,Comedy,Educational,Well known individuals,Both,Very Satisfied,1,1,0,0,0,1,Smartphone,Young Adult,1,0,0,0,0,1,0,0,Playlist-driven,0,0,0,0,1,0,Regular user
35-60,Others,More than 2 years,Smart speakers or voice assistants,Free,No,None,Podcast,Classical,Morning,Uplifting and motivational,While Traveling,recommendations,4,Once a week,Lifestyle and Health,Story telling,unknown Podcasters,Shorter,Satisfied,0,0,0,1,0,1,Speaker,Adult Listener,0,1,0,0,1,0,0,0,Algorithm-driven,1,0,0,0,0,0,Light user
20-35,Female,More than 2 years,Smartphone,Free,Yes,Individual plan,Music,Melody,Night,"Relaxation and stress relief, Uplifting and motivational, Sadness or melancholy, Social gatherings or parties","While Traveling, Workout session, leisure time, Night time, when cooking","recommendations, Playlists, Others",5,Rarely,Comedy,Story telling,Both,Shorter,Satisfied,1,1,0,0,0,1,Smartphone,Young Adult,1,1,1,1,1,1,0,1,Hybrid: Rec + Playlist,1,1,1,0,0,0,Light user
20-35,Female,Less than 6 months,Smartphone,Premium,Yes,Individual plan,Music,Classical,Night,Relaxation and stress relief,Office hours,Playlists,3,Never,Lifestyle and Health,No Podcast Usage,Both,Longer,Satisfied,1,1,0,0,0,1,Smartphone,Young Adult,1,0,0,0,0,1,0,0,Playlist-driven,0,0,0,0,1,0,Non-podcast user
20-35,Female,Less than 6 months,Smartphone,Free,No,None,Music,Melody,Night,Relaxation and stress relief,leisure time,recommendations,3,Never,No Podcast Usage,No Podcast Usage,No Podcast Usage,No Podcast Usage,Ok,0,1,0,0,0,1,Smartphone,Young Adult,1,0,0,0,1,0,0,0,Algorithm-driven,0,1,0,0,0,0,Non-podcast user
12-20,Female,More than 2 years,Smartphone,Free,No,None,Music,Melody,Morning,"Relaxation and stress relief, Uplifting and motivational, Sadness or melancholy, Social gatherings or parties","While Traveling, Workout session, leisure time","recommendations, Playlists",4,Rarely,Comedy,Conversational,Both,Shorter,Very Satisfied,0,1,0,0,0,1,Smartphone,Teen Listener,1,1,1,1,1,1,0,0,Hybrid: Rec + Playlist,1,1,1,0,0,0,Light user
20-35,Female,More than 2 years,"Smartphone, Wearable devices",Free,No,None,Music,Melody,Morning,"Relaxation and stress relief, Uplifting and motivational, Sadness or melancholy, Social gatherings or parties","While Traveling, leisure time","recommendations, Playlists",3,Rarely,Food and cooking,Story telling,No Podcast Usage,No Podcast Usage,Ok,0,1,0,0,1,2,Smartphone,Young Adult,1,1,1,1,1,1,0,0,Hybrid: Rec + Playlist,1,1,0,0,0,0,Light user
20-35,Male,More than 2 years,Smartphone,Free,No,None,Music,Rap,Night,"Relaxation and stress relief, Uplifting and motivational",Office hours,Playlists,3,Rarely,Other,Story telling,Well known individuals,Both,Ok,0,1,0,0,0,1,Smartphone,Young Adult,1,1,0,0,0,1,0,0,Playlist-driven,0,0,0,0,1,0,Light user
20-35,Male,1 year to 2 years,Smartphone,Free,No,None,Music,Melody,Night,Relaxation and stress relief,leisure time,Playlists,3,Never,Sports,No Podcast Usage,Both,Shorter,Ok,0,1,0,0,0,1,Smartphone,Young Adult,1,0,0,0,0,1,0,0,Playlist-driven,0,1,0,0,0,0,Non-podcast user
20-35,Female,6 months to 1 year,"Smartphone, Computer or laptop",Free,No,None,Music,Melody,Night,"Relaxation and stress relief, Uplifting and motivational, Sadness or melancholy","While Traveling, Workout session, leisure time",recommendations,3,Never,No Podcast Usage,No Podcast Usage,No Podcast Usage,No Podcast Usage,Ok,0,1,1,0,0,2,Smartphone,Young Adult,1,1,1,0,1,0,0,0,Algorithm-driven,1,1,1,0,0,0,Non-podcast user
20-35,Female,More than 2 years,Smartphone,Premium,Yes,Individual plan,Music,Pop,Night,"Relaxation and stress relief, Uplifting and motivational, Sadness or melancholy, Social gatherings or parties","While Traveling, Workout session, leisure time","recommendations, Playlists",5,Rarely,Comedy,Story telling,Well known individuals,Shorter,Satisfied,1,1,0,0,0,1,Smartphone,Young Adult,1,1,1,1,1,1,0,0,Hybrid: Rec + Playlist,1,1,1,0,0,0,Light user
20-35,Female,More than 2 years,"Smartphone, Smart speakers or voice assistants",Premium,Yes,Individual plan,Music,Pop,Night,"Relaxation and stress relief, Social gatherings or parties",leisure time,recommendations,3,Never,No Podcast Usage,No Podcast Usage,No Podcast Usage,No Podcast Usage,Ok,1,1,0,1,0,2,Smartphone,Young Adult,1,0,0,1,1,0,0,0,Algorithm-driven,0,1,0,0,0,0,Non-podcast user
20-35,Male,More than 2 years,Smartphone,Premium,Yes,Individual plan,Music,Pop,Night,"Relaxation and stress relief, Uplifting and motivational, Sadness or melancholy, Social gatherings or parties","Office hours, While Traveling, Workout session, leisure time","recommendations, Playlists, Radio",5,Never,No Podcast Usage,Story telling,No Podcast Usage,No Podcast Usage,Very Satisfied,1,1,0,0,0,1,Smartphone,Young Adult,1,1,1,1,1,1,1,0,Hybrid: Rec + Playlist,1,1,1,0,1,0,Non-podcast user
20-35,Female,Less than 6 months,Smartphone,Free,No,Student plan,Music,Melody,Night,Relaxation and stress relief,While Traveling,Playlists,4,Rarely,No Podcast Usage,Story telling,No Podcast Usage,No Podcast Usage,Ok,0,1,0,0,0,1,Smartphone,Young Adult,1,0,0,0,0,1,0,0,Playlist-driven,1,0,0,0,0,0,Light user
20-35,Female,Less than 6 months,Smartphone,Free,No,None,Music,Pop,Afternoon,Relaxation and stress relief,Office hours,recommendations,4,Rarely,Lifestyle and Health,Educational,Well known individuals,Shorter,Satisfied,0,1,0,0,0,1,Smartphone,Young Adult,1,0,0,0,1,0,0,0,Algorithm-driven,0,0,0,0,1,0,Light user
20-35,Male,Less than 6 months,Smartphone,Free,No,None,Music,Classical,Night,Relaxation and stress relief,leisure time,recommendations,4,Never,No Podcast Usage,No Podcast Usage,No Podcast Usage,No Podcast Usage,Ok,0,1,0,0,0,1,Smartphone,Young Adult,1,0,0,0,1,0,0,0,Algorithm-driven,0,1,0,0,0,0,Non-podcast user
20-35,Female,More than 2 years,"Smartphone, Computer or laptop",Free,No,None,Music,Melody,Morning,"Relaxation and stress relief, Sadness or melancholy","While Traveling, leisure time","recommendations, Playlists",3,Rarely,No Podcast Usage,Interview,No Podcast Usage,No Podcast Usage,Ok,0,1,1,0,0,2,Smartphone,Young Adult,1,0,1,0,1,1,0,0,Hybrid: Rec + Playlist,1,1,0,0,0,0,Light user
20-35,Female,Less than 6 months,Smartphone,Free,No,None,Music,Melody,Night,Sadness or melancholy,leisure time,Playlists,4,Never,No Podcast Usage,Educational,Both,Shorter,Satisfied,0,1,0,0,0,1,Smartphone,Young Adult,0,0,1,0,0,1,0,0,Playlist-driven,0,1,0,0,0,0,Non-podcast user
20-35,Male,More than 2 years,"Smartphone, Computer or laptop",Free,No,None,Music,Pop,Morning,"Relaxation and stress relief, Uplifting and motivational, Sadness or melancholy","Office hours, While Traveling",recommendations,4,Never,No Podcast Usage,No Podcast Usage,No Podcast Usage,No Podcast Usage,Ok,0,1,1,0,0,2,Smartphone,Young Adult,1,1,1,0,1,0,0,0,Algorithm-driven,1,0,0,0,1,0,Non-podcast user
20-35,Female,More than 2 years,Smartphone,Free,No,None,Music,Melody,Night,"Relaxation and stress relief, Uplifting and motivational","Study Hours, While Traveling, Workout session, leisure time",Others,4,Rarely,No Podcast Usage,Educational,Well known individuals,Shorter,Ok,0,1,0,0,0,1,Smartphone,Young Adult,1,1,0,0,0,0,0,1,External Discovery,1,1,1,1,0,0,Light user
20-35,Female,Less than 6 months,Smartphone,Free,No,None,Music,Pop,Night,Relaxation and stress relief,leisure time,recommendations,3,Rarely,Comedy,Story telling,Well known individuals,Shorter,Ok,0,1,0,0,0,1,Smartphone,Young Adult,1,0,0,0,1,0,0,0,Algorithm-driven,0,1,0,0,0,0,Light user
20-35,Female,More than 2 years,"Smartphone, Computer or laptop",Premium,Yes,Duo plan,Music,Pop,Night,Relaxation and stress relief,"While Traveling, leisure time","recommendations, Playlists",5,Rarely,Lifestyle and Health,Educational,Both,Shorter,Very Satisfied,1,1,1,0,0,2,Smartphone,Young Adult,1,0,0,0,1,1,0,0,Hybrid: Rec + Playlist,1,1,0,0,0,0,Light user
20-35,Male,Less than 6 months,Smartphone,Free,No,None,Music,Melody,Night,Relaxation and stress relief,While Traveling,Playlists,4,Several times a week,No Podcast Usage,No Podcast Usage,No Podcast Usage,No Podcast Usage,Ok,0,1,0,0,0,1,Smartphone,Young Adult,1,0,0,0,0,1,0,0,Playlist-driven,1,0,0,0,0,0,Regular user
20-35,Female,Less than 6 months,Smartphone,Free,No,None,Music,Melody,Night,"Relaxation and stress relief, Uplifting and motivational",While Traveling,"recommendations, Playlists",4,Rarely,No Podcast Usage,No Podcast Usage,No Podcast Usage,No Podcast Usage,Ok,0,1,0,0,0,1,Smartphone,Young Adult,1,1,0,0,1,1,0,0,Hybrid: Rec + Playlist,1,0,0,0,0,0,Light user
20-35,Female,More than 2 years,Smartphone,Free,No,None,Music,Melody,Night,Relaxation and stress relief,While Traveling,recommendations,5,Rarely,No Podcast Usage,Interview,No Podcast Usage,No Podcast Usage,Ok,0,1,0,0,0,1,Smartphone,Young Adult,1,0,0,0,1,0,0,0,Algorithm-driven,1,0,0,0,0,0,Light user
20-35,Female,1 year to 2 years,Smartphone,Free,No,None,Music,Other,Night,Relaxation and stress relief,"Office hours, While Traveling, Workout session","recommendations, Playlists",5,Once a week,Comedy,Conversational,No Podcast Usage,Shorter,Very Satisfied,0,1,0,0,0,1,Smartphone,Young Adult,1,0,0,0,1,1,0,0,Hybrid: Rec + Playlist,1,0,1,0,1,0,Light user
20-35,Female,Less than 6 months,Smartphone,Free,No,None,Music,Melody,Night,"Relaxation and stress relief, Uplifting and motivational","While Traveling, leisure time",recommendations,4,Never,No Podcast Usage,No Podcast Usage,No Podcast Usage,No Podcast Usage,Ok,0,1,0,0,0,1,Smartphone,Young Adult,1,1,0,0,1,0,0,0,Algorithm-driven,1,1,0,0,0,0,Non-podcast user
20-35,Female,1 year to 2 years,Smartphone,Free,No,None,Music,Melody,Night,"Relaxation and stress relief, Uplifting and motivational","While Traveling, Workout session, leisure time",Playlists,4,Once a week,Health and Fitness,Conversational,Both,Shorter,Satisfied,0,1,0,0,0,1,Smartphone,Young Adult,1,1,0,0,0,1,0,0,Playlist-driven,1,1,1,0,0,0,Light user
20-35,Male,More than 2 years,Smartphone,Premium,No,None,Music,Classical,Night,Relaxation and stress relief,leisure time,recommendations,1,Never,No Podcast Usage,No Podcast Usage,No Podcast Usage,No Podcast Usage,Ok,0,1,0,0,0,1,Smartphone,Young Adult,1,0,0,0,1,0,0,0,Algorithm-driven,0,1,0,0,0,0,Non-podcast user
20-35,Male,More than 2 years,"Smartphone, Computer or laptop",Premium,No,None,Music,Other,Night,"Relaxation and stress relief, Uplifting and motivational, Social gatherings or parties","Office hours, Study Hours, While Traveling, Workout session, leisure time","recommendations, Playlists, Radio",2,Rarely,Other,Conversational,Well known individuals,Longer,Ok,0,1,1,0,0,2,Smartphone,Young Adult,1,1,0,1,1,1,1,0,Hybrid: Rec + Playlist,1,1,1,1,1,0,Light user
20-35,Female,More than 2 years,Smartphone,Free,No,None,Music,Melody,Night,Relaxation and stress relief,"While Traveling, leisure time",recommendations,4,Several times a week,Lifestyle and Health,Conversational,Both,Shorter,Ok,0,1,0,0,0,1,Smartphone,Young Adult,1,0,0,0,1,0,0,0,Algorithm-driven,1,1,0,0,0,0,Regular user
20-35,Female,Less than 6 months,Smartphone,Free,No,None,Music,Melody,Morning,"Relaxation and stress relief, Uplifting and motivational",leisure time,Playlists,1,Rarely,Lifestyle and Health,Story telling,Both,Shorter,Dissatisfied,0,1,0,0,0,1,Smartphone,Young Adult,1,1,0,0,0,1,0,0,Playlist-driven,0,1,0,0,0,0,Light user
20-35,Female,6 months to 1 year,Smartphone,Free,No,None,Music,Melody,Night,"Relaxation and stress relief, Uplifting and motivational, Sadness or melancholy, Social gatherings or parties","Office hours, While Traveling, leisure time","recommendations, Playlists",5,Never,No Podcast Usage,No Podcast Usage,No Podcast Usage,No Podcast Usage,Ok,0,1,0,0,0,1,Smartphone,Young Adult,1,1,1,1,1,1,0,0,Hybrid: Rec + Playlist,1,1,0,0,1,0,Non-podcast user
20-35,Male,More than 2 years,"Smartphone, Computer or laptop",Free,Yes,Duo plan,Music,Pop,Night,"Relaxation and stress relief, Sadness or melancholy, Social gatherings or parties","While Traveling, leisure time",Others,3,Rarely,Comedy,Conversational,Well known individuals,Shorter,Ok,1,1,1,0,0,2,Smartphone,Young Adult,1,0,1,1,0,0,0,1,External Discovery,1,1,0,0,0,0,Light user
20-35,Female,1 year to 2 years,Smartphone,Free,No,None,Music,Pop,Night,Uplifting and motivational,"While Traveling, leisure time","recommendations, Playlists",4,Rarely,Comedy,Conversational,Well known individuals,Shorter,Satisfied,0,1,0,0,0,1,Smartphone,Young Adult,0,1,0,0,1,1,0,0,Hybrid: Rec + Playlist,1,1,0,0,0,0,Light user
20-35,Female,More than 2 years,Smartphone,Free,No,None,Podcast,Melody,Night,"Relaxation and stress relief, Uplifting and motivational","Workout session, leisure time","recommendations, Playlists",4,Several times a week,Health and Fitness,Conversational,Well known individuals,Shorter,Satisfied,0,1,0,0,0,1,Smartphone,Young Adult,1,1,0,0,1,1,0,0,Hybrid: Rec + Playlist,0,1,1,0,0,0,Regular user
20-35,Female,1 year to 2 years,Smartphone,Free,Yes,Individual plan,Music,Melody,Night,"Relaxation and stress relief, Sadness or melancholy","Office hours, leisure time","recommendations, Playlists",4,Never,No Podcast Usage,No Podcast Usage,No Podcast Usage,No Podcast Usage,Ok,1,1,0,0,0,1,Smartphone,Young Adult,1,0,1,0,1,1,0,0,Hybrid: Rec + Playlist,0,1,0,0,1,0,Non-podcast user
20-35,Female,6 months to 1 year,Smartphone,Free,No,None,Podcast,Melody,Morning,Relaxation and stress relief,"While Traveling, leisure time",recommendations,3,Once a week,Lifestyle and Health,Conversational,unknown Podcasters,Both,Dissatisfied,0,1,0,0,0,1,Smartphone,Young Adult,1,0,0,0,1,0,0,0,Algorithm-driven,1,1,0,0,0,0,Light user
12-20,Female,Less than 6 months,Smartphone,Free,No,None,Music,Melody,Morning,Relaxation and stress relief,While Traveling,recommendations,4,Rarely,Lifestyle and Health,Conversational,Both,Shorter,Satisfied,0,1,0,0,0,1,Smartphone,Teen Listener,1,0,0,0,1,0,0,0,Algorithm-driven,1,0,0,0,0,0,Light user
20-35,Female,6 months to 1 year,Smartphone,Free,Yes,Student plan,Music,Melody,Night,"Relaxation and stress relief, Sadness or melancholy",While Traveling,"recommendations, Others",4,Never,No Podcast Usage,No Podcast Usage,No Podcast Usage,No Podcast Usage,Ok,1,1,0,0,0,1,Smartphone,Young Adult,1,0,1,0,1,0,0,1,Algorithm-driven,1,0,0,0,0,0,Non-podcast user
20-35,Female,Less than 6 months,Smartphone,Free,No,None,Music,Pop,Night,Relaxation and stress relief,leisure time,recommendations,4,Rarely,Comedy,Story telling,Both,Shorter,Satisfied,0,1,0,0,0,1,Smartphone,Young Adult,1,0,0,0,1,0,0,0,Algorithm-driven,0,1,0,0,0,0,Light user
20-35,Female,More than 2 years,"Smartphone, Computer or laptop, Smart speakers or voice assistants",Free,No,None,Music,Melody,Night,"Relaxation and stress relief, Uplifting and motivational, Sadness or melancholy","While Traveling, leisure time","recommendations, Playlists, Others",3,Once a week,Lifestyle and Health,Conversational,Well known individuals,Shorter,Satisfied,0,1,1,1,0,3,Smartphone,Young Adult,1,1,1,0,1,1,0,1,Hybrid: Rec + Playlist,1,1,0,0,0,0,Light user
20-35,Female,More than 2 years,"Smartphone, Computer or laptop, Wearable devices",Free,No,None,Music,Electronic/Dance,Night,"Relaxation and stress relief, Uplifting and motivational, Sadness or melancholy, Social gatherings or parties","While Traveling, Workout session, leisure time","recommendations, Playlists, Others",4,Rarely,Health and Fitness,Conversational,Both,Shorter,Ok,0,1,1,0,1,3,Smartphone,Young Adult,1,1,1,1,1,1,0,1,Hybrid: Rec + Playlist,1,1,1,0,0,0,Light user
20-35,Female,Less than 6 months,Smartphone,Free,No,None,Music,Melody,Night,"Relaxation and stress relief, Uplifting and motivational","While Traveling, leisure time",recommendations,3,Never,No Podcast Usage,No Podcast Usage,No Podcast Usage,No Podcast Usage,Ok,0,1,0,0,0,1,Smartphone,Young Adult,1,1,0,0,1,0,0,0,Algorithm-driven,1,1,0,0,0,0,Non-podcast user
20-35,Male,1 year to 2 years,"Smartphone, Smart speakers or voice assistants",Free,No,None,Music,Rap,Night,"Relaxation and stress relief, Uplifting and motivational",leisure time,recommendations,4,Never,No Podcast Usage,No Podcast Usage,No Podcast Usage,No Podcast Usage,Ok,0,1,0,1,0,2,Smartphone,Young Adult,1,1,0,0,1,0,0,0,Algorithm-driven,0,1,0,0,0,0,Non-podcast user
20-35,Female,Less than 6 months,Wearable devices,Free,No,None,Music,Melody,Morning,Relaxation and stress relief,leisure time,"recommendations, Others",3,Never,No Podcast Usage,No Podcast Usage,No Podcast Usage,No Podcast Usage,Ok,0,0,0,0,1,1,Wearable,Young Adult,1,0,0,0,1,0,0,1,Algorithm-driven,0,1,0,0,0,0,Non-podcast user
20-35,Male,6 months to 1 year,"Smartphone, Computer or laptop",Free,Yes,Student plan,Music,Melody,Night,"Relaxation and stress relief, Uplifting and motivational","While Traveling, Workout session, leisure time","recommendations, Playlists, Radio",5,Never,No Podcast Usage,No Podcast Usage,No Podcast Usage,No Podcast Usage,Ok,1,1,1,0,0,2,Smartphone,Young Adult,1,1,0,0,1,1,1,0,Hybrid: Rec + Playlist,1,1,1,0,0,0,Non-podcast user
20-35,Male,More than 2 years,"Smartphone, Computer or laptop",Free,No,None,Podcast,Rap,Night,"Relaxation and stress relief, Uplifting and motivational","While Traveling, Workout session","recommendations, Playlists",5,Several times a week,Lifestyle and Health,Educational,Well known individuals,Both,Satisfied,0,1,1,0,0,2,Smartphone,Young Adult,1,1,0,0,1,1,0,0,Hybrid: Rec + Playlist,1,0,1,0,0,0,Regular user
35-60,Male,More than 2 years,Smartphone,Free,Yes,Individual plan,Music,Melody,Night,Uplifting and motivational,"While Traveling, Workout session, leisure time",Playlists,4,Never,No Podcast Usage,No Podcast Usage,No Podcast Usage,No Podcast Usage,Ok,1,1,0,0,0,1,Smartphone,Adult Listener,0,1,0,0,0,1,0,0,Playlist-driven,1,1,1,0,0,0,Non-podcast user
20-35,Female,Less than 6 months,Smartphone,Free,No,None,Music,Melody,Night,Relaxation and stress relief,leisure time,recommendations,4,Rarely,Food and cooking,Interview,Well known individuals,Shorter,Very Satisfied,0,1,0,0,0,1,Smartphone,Young Adult,1,0,0,0,1,0,0,0,Algorithm-driven,0,1,0,0,0,0,Light user
20-35,Male,More than 2 years,"Smartphone, Smart speakers or voice assistants, Wearable devices",Free,No,None,Music,Other,Night,Relaxation and stress relief,leisure time,Playlists,3,Never,No Podcast Usage,No Podcast Usage,No Podcast Usage,No Podcast Usage,Ok,0,1,0,1,1,3,Smartphone,Young Adult,1,0,0,0,0,1,0,0,Playlist-driven,0,1,0,0,0,0,Non-podcast user
20-35,Female,6 months to 1 year,Smartphone,Free,No,None,Music,Pop,Night,Relaxation and stress relief,"While Traveling, leisure time",recommendations,4,Rarely,Lifestyle and Health,Conversational,Both,Shorter,Satisfied,0,1,0,0,0,1,Smartphone,Young Adult,1,0,0,0,1,0,0,0,Algorithm-driven,1,1,0,0,0,0,Light user
20-35,Male,1 year to 2 years,"Smartphone, Computer or laptop",Premium,Yes,Family plan,Music,Melody,Night,Relaxation and stress relief,While Traveling,Playlists,5,Daily,Health and Fitness,Story telling,Both,Both,Satisfied,1,1,1,0,0,2,Smartphone,Young Adult,1,0,0,0,0,1,0,0,Playlist-driven,1,0,0,0,0,0,Regular user
35-60,Female,Less than 6 months,Smartphone,Free,No,None,Podcast,Classical,Night,Relaxation and stress relief,leisure time,recommendations,4,Several times a week,Lifestyle and Health,Conversational,Well known individuals,Shorter,Satisfied,0,1,0,0,0,1,Smartphone,Adult Listener,1,0,0,0,1,0,0,0,Algorithm-driven,0,1,0,0,0,0,Regular user
20-35,Female,Less than 6 months,Smartphone,Free,No,None,Podcast,Melody,Night,Relaxation and stress relief,leisure time,"Radio, Others",4,Rarely,Lifestyle and Health,Educational,Both,Both,Satisfied,0,1,0,0,0,1,Smartphone,Young Adult,1,0,0,0,0,0,1,1,Radio/Autoplay,0,1,0,0,0,0,Light user
20-35,Female,More than 2 years,Smartphone,Premium,Yes,Individual plan,Music,Melody,Night,"Relaxation and stress relief, Sadness or melancholy, Social gatherings or parties","While Traveling, Workout session, leisure time","Radio, Others",3,Rarely,Lifestyle and Health,Conversational,Well known individuals,Shorter,Very Satisfied,1,1,0,0,0,1,Smartphone,Young Adult,1,0,1,1,0,0,1,1,Radio/Autoplay,1,1,1,0,0,0,Light user
20-35,Female,Less than 6 months,Smartphone,Free,No,None,Music,Pop,Night,Relaxation and stress relief,"Workout session, leisure time",recommendations,3,Rarely,Comedy,Conversational,Well known individuals,Shorter,Ok,0,1,0,0,0,1,Smartphone,Young Adult,1,0,0,0,1,0,0,0,Algorithm-driven,0,1,1,0,0,0,Light user
20-35,Male,More than 2 years,Smartphone,Free,No,None,Music,Pop,Night,Relaxation and stress relief,While Traveling,recommendations,5,Rarely,Comedy,Interview,Both,Shorter,Satisfied,0,1,0,0,0,1,Smartphone,Young Adult,1,0,0,0,1,0,0,0,Algorithm-driven,1,0,0,0,0,0,Light user
12-20,Male,More than 2 years,Smartphone,Premium,No,None,Music,Melody,Afternoon,Relaxation and stress relief,"While Traveling, leisure time",recommendations,3,Rarely,Comedy,Story telling,Both,Both,Ok,0,1,0,0,0,1,Smartphone,Teen Listener,1,0,0,0,1,0,0,0,Algorithm-driven,1,1,0,0,0,0,Light user
20-35,Male,1 year to 2 years,"Smartphone, Computer or laptop, Smart speakers or voice assistants, Wearable devices",Free,No,None,Music,Melody,Afternoon,Relaxation and stress relief,"Office hours, While Traveling, leisure time","recommendations, Playlists",5,Never,No Podcast Usage,No Podcast Usage,No Podcast Usage,No Podcast Usage,Ok,0,1,1,1,1,4,Smartphone,Young Adult,1,0,0,0,1,1,0,0,Hybrid: Rec + Playlist,1,1,0,0,1,0,Non-podcast user
20-35,Female,Less than 6 months,Smartphone,Free,No,None,Music,Electronic/Dance,Night,Relaxation and stress relief,leisure time,Others,4,Rarely,Sports,Educational,unknown Podcasters,Both,Ok,0,1,0,0,0,1,Smartphone,Young Adult,1,0,0,0,0,0,0,1,External Discovery,0,1,0,0,0,0,Light user
20-35,Female,1 year to 2 years,Smartphone,Free,No,None,Music,Pop,Night,Relaxation and stress relief,"While Traveling, Workout session, leisure time",Playlists,5,Several times a week,Comedy,Story telling,unknown Podcasters,Shorter,Very Satisfied,0,1,0,0,0,1,Smartphone,Young Adult,1,0,0,0,0,1,0,0,Playlist-driven,1,1,1,0,0,0,Regular user
20-35,Female,More than 2 years,"Smartphone, Computer or laptop",Free,No,None,Music,Classical,Night,"Relaxation and stress relief, Uplifting and motivational, Sadness or melancholy, Social gatherings or parties","Office hours, While Traveling, leisure time","recommendations, Playlists",4,Never,No Podcast Usage,No Podcast Usage,No Podcast Usage,No Podcast Usage,Ok,0,1,1,0,0,2,Smartphone,Young Adult,1,1,1,1,1,1,0,0,Hybrid: Rec + Playlist,1,1,0,0,1,0,Non-podcast user
20-35,Female,1 year to 2 years,Computer or laptop,Free,Yes,Duo plan,Music,Melody,Night,Uplifting and motivational,Workout session,Radio,3,Rarely,Food and cooking,Educational,Well known individuals,Both,Satisfied,1,0,1,0,0,1,Computer,Young Adult,0,1,0,0,0,0,1,0,Radio/Autoplay,0,0,1,0,0,0,Light user
20-35,Female,1 year to 2 years,Smartphone,Free,Yes,Student plan,Music,Melody,Morning,Relaxation and stress relief,While Traveling,"recommendations, Playlists",5,Never,No Podcast Usage,No Podcast Usage,No Podcast Usage,No Podcast Usage,Ok,1,1,0,0,0,1,Smartphone,Young Adult,1,0,0,0,1,1,0,0,Hybrid: Rec + Playlist,1,0,0,0,0,0,Non-podcast user
20-35,Female,1 year to 2 years,Smartphone,Free,No,None,Music,Melody,Afternoon,"Relaxation and stress relief, Uplifting and motivational",leisure time,recommendations,4,Rarely,Food and cooking,Conversational,Both,Shorter,Ok,0,1,0,0,0,1,Smartphone,Young Adult,1,1,0,0,1,0,0,0,Algorithm-driven,0,1,0,0,0,0,Light user
20-35,Male,More than 2 years,Smartphone,Premium,Yes,Family plan,Podcast,Pop,Night,Uplifting and motivational,Study Hours,recommendations,3,Several times a week,Sports,Conversational,Well known individuals,Longer,Very Satisfied,1,1,0,0,0,1,Smartphone,Young Adult,0,1,0,0,1,0,0,0,Algorithm-driven,0,0,0,1,0,0,Regular user
20-35,Female,6 months to 1 year,Smartphone,Free,No,None,Music,Melody,Night,Relaxation and stress relief,leisure time,Playlists,4,Rarely,Comedy,Conversational,Both,Shorter,Ok,0,1,0,0,0,1,Smartphone,Young Adult,1,0,0,0,0,1,0,0,Playlist-driven,0,1,0,0,0,0,Light user
20-35,Male,More than 2 years,"Smartphone, Computer or laptop",Premium,Yes,Individual plan,Music,Electronic/Dance,Night,Relaxation and stress relief,leisure time,"recommendations, Playlists",4,Rarely,Lifestyle and Health,Educational,No Podcast Usage,No Podcast Usage,Ok,1,1,1,0,0,2,Smartphone,Young Adult,1,0,0,0,1,1,0,0,Hybrid: Rec + Playlist,0,1,0,0,0,0,Light user
20-35,Male,Less than 6 months,Smartphone,Free,No,None,Music,Classical,Night,Relaxation and stress relief,While Traveling,recommendations,5,Rarely,Sports,No Podcast Usage,Well known individuals,Shorter,Ok,0,1,0,0,0,1,Smartphone,Young Adult,1,0,0,0,1,0,0,0,Algorithm-driven,1,0,0,0,0,0,Light user
20-35,Male,More than 2 years,Smartphone,Free,No,None,Music,Melody,Night,Relaxation and stress relief,"While Traveling, leisure time","recommendations, Playlists",4,Never,No Podcast Usage,No Podcast Usage,No Podcast Usage,No Podcast Usage,Ok,0,1,0,0,0,1,Smartphone,Young Adult,1,0,0,0,1,1,0,0,Hybrid: Rec + Playlist,1,1,0,0,0,0,Non-podcast user
20-35,Female,6 months to 1 year,Smartphone,Free,No,None,Music,Melody,Night,Relaxation and stress relief,"While Traveling, Workout session",Playlists,3,Daily,Lifestyle and Health,Story telling,Well known individuals,Shorter,Very Satisfied,0,1,0,0,0,1,Smartphone,Young Adult,1,0,0,0,0,1,0,0,Playlist-driven,1,0,1,0,0,0,Regular user
20-35,Male,1 year to 2 years,"Smartphone, Smart speakers or voice assistants",Free,No,None,Music,Melody,Night,"Relaxation and stress relief, Uplifting and motivational","Office hours, While Traveling","Radio, Others",4,Several times a week,Sports,Educational,Both,Longer,Satisfied,0,1,0,1,0,2,Smartphone,Young Adult,1,1,0,0,0,0,1,1,Radio/Autoplay,1,0,0,0,1,0,Regular user
20-35,Male,More than 2 years,"Smartphone, Computer or laptop, Smart speakers or voice assistants",Premium,Yes,Individual plan,Music,Melody,Night,Relaxation and stress relief,"While Traveling, leisure time","recommendations, Playlists",4,Never,No Podcast Usage,No Podcast Usage,No Podcast Usage,No Podcast Usage,Ok,1,1,1,1,0,3,Smartphone,Young Adult,1,0,0,0,1,1,0,0,Hybrid: Rec + Playlist,1,1,0,0,0,0,Non-podcast user
20-35,Female,Less than 6 months,Smartphone,Free,No,None,Music,Pop,Morning,Uplifting and motivational,"While Traveling, Workout session","recommendations, Playlists",4,Rarely,Lifestyle and Health,Conversational,Both,Both,Ok,0,1,0,0,0,1,Smartphone,Young Adult,0,1,0,0,1,1,0,0,Hybrid: Rec + Playlist,1,0,1,0,0,0,Light user
20-35,Female,1 year to 2 years,Smartphone,Free,No,None,Music,Melody,Night,Relaxation and stress relief,leisure time,Playlists,4,Rarely,Comedy,Conversational,Well known individuals,Shorter,Ok,0,1,0,0,0,1,Smartphone,Young Adult,1,0,0,0,0,1,0,0,Playlist-driven,0,1,0,0,0,0,Light user
20-35,Female,6 months to 1 year,Smartphone,Free,No,None,Music,Melody,Night,"Relaxation and stress relief, Sadness or melancholy, Social gatherings or parties","While Traveling, leisure time",Playlists,5,Several times a week,Comedy,Interview,Well known individuals,Shorter,Very Satisfied,0,1,0,0,0,1,Smartphone,Young Adult,1,0,1,1,0,1,0,0,Playlist-driven,1,1,0,0,0,0,Regular user
12-20,Female,1 year to 2 years,Smart speakers or voice assistants,Free,Yes,Duo plan,Podcast,Classical,Morning,Sadness or melancholy,While Traveling,Radio,3,Once a week,Health and Fitness,Story telling,unknown Podcasters,Both,Satisfied,1,0,0,1,0,1,Speaker,Teen Listener,0,0,1,0,0,0,1,0,Radio/Autoplay,1,0,0,0,0,0,Light user
20-35,Female,1 year to 2 years,Smart speakers or voice assistants,Premium,Yes,Family plan,Podcast,Rap,Afternoon,"Sadness or melancholy, Social gatherings or parties","While Traveling, Workout session","Playlists, Radio",3,Once a week,Sports,Interview,Well known individuals,Shorter,Satisfied,1,0,0,1,0,1,Speaker,Young Adult,0,0,1,1,0,1,1,0,Playlist-driven,1,0,1,0,0,0,Light user
12-20,Female,6 months to 1 year,Smart speakers or voice assistants,Premium,Yes,Duo plan,Podcast,Classical,Afternoon,Uplifting and motivational,While Traveling,Radio,2,Once a week,Health and Fitness,Story telling,unknown Podcasters,Longer,Ok,1,0,0,1,0,1,Speaker,Teen Listener,0,1,0,0,0,0,1,0,Radio/Autoplay,1,0,0,0,0,0,Light user
12-20,Female,1 year to 2 years,Computer or laptop,Free,Yes,Duo plan,Podcast,Rap,Morning,Uplifting and motivational,While Traveling,Radio,2,Once a week,Health and Fitness,Story telling,unknown Podcasters,Both,Ok,1,0,1,0,0,1,Computer,Teen Listener,0,1,0,0,0,0,1,0,Radio/Autoplay,1,0,0,0,0,0,Light user
12-20,Female,6 months to 1 year,Computer or laptop,Free,Yes,Duo plan,Podcast,Classical,Afternoon,Sadness or melancholy,"While Traveling, leisure time",recommendations,3,Once a week,Lifestyle and Health,Educational,Both,Both,Satisfied,1,0,1,0,0,1,Computer,Teen Listener,0,0,1,0,1,0,0,0,Algorithm-driven,1,1,0,0,0,0,Light user
20-35,Female,1 year to 2 years,Computer or laptop,Free,No,None,Podcast,Classical,Morning,Uplifting and motivational,While Traveling,"Radio, Others",2,Several times a week,Lifestyle and Health,Story telling,Both,Shorter,Ok,0,0,1,0,0,1,Computer,Young Adult,0,1,0,0,0,0,1,1,Radio/Autoplay,1,0,0,0,0,0,Regular user
20-35,Female,1 year to 2 years,"Computer or laptop, Smart speakers or voice assistants",Free,No,None,Podcast,Classical,Morning,Uplifting and motivational,Workout session,Radio,2,Several times a week,Food and cooking,Story telling,unknown Podcasters,Longer,Ok,0,0,1,1,0,2,Computer,Young Adult,0,1,0,0,0,0,1,0,Radio/Autoplay,0,0,1,0,0,0,Regular user
12-20,Female,1 year to 2 years,Smart speakers or voice assistants,Premium,No,None,Podcast,Classical,Afternoon,Sadness or melancholy,"Study Hours, While Traveling","Playlists, Others",4,Several times a week,Health and Fitness,Interview,unknown Podcasters,Longer,Satisfied,0,0,0,1,0,1,Speaker,Teen Listener,0,0,1,0,0,1,0,1,Playlist-driven,1,0,0,1,0,0,Regular user
6-12,Female,6 months to 1 year,Smart speakers or voice assistants,Premium,Yes,Duo plan,Podcast,Classical,Morning,Uplifting and motivational,"Study Hours, While Traveling","Playlists, Radio",2,Once a week,Lifestyle and Health,Interview,Well known individuals,Both,Ok,1,0,0,1,0,1,Speaker,Teen Listener,0,1,0,0,0,1,1,0,Playlist-driven,1,0,0,1,0,0,Light user
20-35,Female,More than 2 years,"Computer or laptop, Smart speakers or voice assistants",Free,Yes,Family plan,Podcast,Classical,Morning,Uplifting and motivational,Workout session,Radio,2,Once a week,Health and Fitness,Interview,unknown Podcasters,Both,Ok,1,0,1,1,0,2,Computer,Young Adult,0,1,0,0,0,0,1,0,Radio/Autoplay,0,0,1,0,0,0,Light user
35-60,Male,6 months to 1 year,Computer or laptop,Free,No,None,Podcast,Melody,Morning,Sadness or melancholy,Workout session,Radio,3,Once a week,Health and Fitness,Interview,unknown Podcasters,Both,Dissatisfied,0,0,1,0,0,1,Computer,Adult Listener,0,0,1,0,0,0,1,0,Radio/Autoplay,0,0,1,0,0,0,Light user
12-20,Male,6 months to 1 year,Smart speakers or voice assistants,Free,Yes,Student plan,Podcast,Rap,Morning,Relaxation and stress relief,"While Traveling, Workout session","Playlists, Radio",3,Several times a week,Food and cooking,Interview,unknown Podcasters,Longer,Ok,1,0,0,1,0,1,Speaker,Teen Listener,1,0,0,0,0,1,1,0,Playlist-driven,1,0,1,0,0,0,Regular user
12-20,Female,1 year to 2 years,"Computer or laptop, Wearable devices",Premium,Yes,Duo plan,Podcast,Classical,Afternoon,Uplifting and motivational,"While Traveling, leisure time","Playlists, Others",2,Once a week,Health and Fitness,Story telling,unknown Podcasters,Both,Dissatisfied,1,0,1,0,1,2,Computer,Teen Listener,0,1,0,0,0,1,0,1,Playlist-driven,1,1,0,0,0,0,Light user
20-35,Female,6 months to 1 year,"Computer or laptop, Smart speakers or voice assistants",Free,Yes,Duo plan,Music,Classical,Afternoon,"Uplifting and motivational, Sadness or melancholy","Study Hours, Workout session","Playlists, Radio",2,Once a week,Sports,Story telling,Both,Longer,Ok,1,0,1,1,0,2,Computer,Young Adult,0,1,1,0,0,1,1,0,Playlist-driven,0,0,1,1,0,0,Light user
20-35,Female,6 months to 1 year,Smart speakers or voice assistants,Free,Yes,Duo plan,Podcast,Classical,Afternoon,Relaxation and stress relief,While Traveling,"Radio, Others",3,Once a week,Health and Fitness,Interview,unknown Podcasters,Longer,Ok,1,0,0,1,0,1,Speaker,Young Adult,1,0,0,0,0,0,1,1,Radio/Autoplay,1,0,0,0,0,0,Light user
35-60,Female,1 year to 2 years,Smart speakers or voice assistants,Free,Yes,Family plan,Music,Classical,Afternoon,Uplifting and motivational,"Study Hours, Workout session",Radio,2,Rarely,Health and Fitness,Interview,unknown Podcasters,Longer,Ok,1,0,0,1,0,1,Speaker,Adult Listener,0,1,0,0,0,0,1,0,Radio/Autoplay,0,0,1,1,0,0,Light user
20-35,Female,6 months to 1 year,Computer or laptop,Free,Yes,Family plan,Music,Classical,Morning,Uplifting and motivational,While Traveling,Playlists,3,Once a week,Health and Fitness,Educational,Both,Both,Ok,1,0,1,0,0,1,Computer,Young Adult,0,1,0,0,0,1,0,0,Playlist-driven,1,0,0,0,0,0,Light user
12-20,Female,6 months to 1 year,"Smartphone, Computer or laptop, Wearable devices",Free,No,None,Podcast,Classical,Morning,"Uplifting and motivational, Sadness or melancholy",Workout session,Others,4,Rarely,Sports,Story telling,Both,Longer,Dissatisfied,0,1,1,0,1,3,Smartphone,Teen Listener,0,1,1,0,0,0,0,1,External Discovery,0,0,1,0,0,0,Light user
35-60,Others,More than 2 years,Wearable devices,Premium,Yes,Family plan,Music,Electronic/Dance,Morning,Uplifting and motivational,"Study Hours, Workout session","Playlists, Radio, Others",2,Rarely,Health and Fitness,Story telling,Both,Longer,Satisfied,1,0,0,0,1,1,Wearable,Adult Listener,0,1,0,0,0,1,1,1,Playlist-driven,0,0,1,1,0,0,Light user
20-35,Female,6 months to 1 year,Computer or laptop,Free,No,None,Podcast,Rap,Morning,Uplifting and motivational,While Traveling,Playlists,2,Several times a week,Lifestyle and Health,Conversational,Both,Both,Dissatisfied,0,0,1,0,0,1,Computer,Young Adult,0,1,0,0,0,1,0,0,Playlist-driven,1,0,0,0,0,0,Regular user
20-35,Others,6 months to 1 year,Smart speakers or voice assistants,Free,No,None,Podcast,Classical,Morning,Social gatherings or parties,While Traveling,recommendations,2,Once a week,Lifestyle and Health,Interview,Well known individuals,Both,Very Satisfied,0,0,0,1,0,1,Speaker,Young Adult,0,0,0,1,1,0,0,0,Algorithm-driven,1,0,0,0,0,0,Light user
35-60,Female,6 months to 1 year,Smart speakers or voice assistants,Premium,No,None,Music,Melody,Night,Social gatherings or parties,While Traveling,Others,2,Once a week,Health and Fitness,Educational,unknown Podcasters,Longer,Ok,0,0,0,1,0,1,Speaker,Adult Listener,0,0,0,1,0,0,0,1,External Discovery,1,0,0,0,0,0,Light user
12-20,Male,6 months to 1 year,Smartphone,Free,No,None,Music,Melody,Night,Relaxation and stress relief,leisure time,Playlists,2,Never,No Podcast Usage,No Podcast Usage,No Podcast Usage,No Podcast Usage,Ok,0,1,0,0,0,1,Smartphone,Teen Listener,1,0,0,0,0,1,0,0,Playlist-driven,0,1,0,0,0,0,Non-podcast user
35-60,Male,6 months to 1 year,Smartphone,Free,No,None,Music,Melody,Night,Uplifting and motivational,While Traveling,Playlists,4,Rarely,Comedy,Story telling,Both,Shorter,Satisfied,0,1,0,0,0,1,Smartphone,Adult Listener,0,1,0,0,0,1,0,0,Playlist-driven,1,0,0,0,0,0,Light user
20-35,Female,More than 2 years,Smartphone,Free,No,None,Music,Melody,Night,Relaxation and stress relief,While Traveling,"Playlists, Radio",4,Rarely,Comedy,Story telling,Both,Shorter,Satisfied,0,1,0,0,0,1,Smartphone,Young Adult,1,0,0,0,0,1,1,0,Playlist-driven,1,0,0,0,0,0,Light user
20-35,Male,Less than 6 months,Smartphone,Free,No,None,Music,Other,Night,Relaxation and stress relief,"While Traveling, leisure time",recommendations,3,Never,No Podcast Usage,No Podcast Usage,No Podcast Usage,No Podcast Usage,Ok,0,1,0,0,0,1,Smartphone,Young Adult,1,0,0,0,1,0,0,0,Algorithm-driven,1,1,0,0,0,0,Non-podcast user
20-35,Male,More than 2 years,Smartphone,Free,No,None,Music,Melody,Night,Relaxation and stress relief,"While Traveling, Workout session, leisure time",recommendations,4,Several times a week,Health and Fitness,Conversational,Well known individuals,Both,Satisfied,0,1,0,0,0,1,Smartphone,Young Adult,1,0,0,0,1,0,0,0,Algorithm-driven,1,1,1,0,0,0,Regular user
35-60,Female,1 year to 2 years,Smartphone,Free,No,None,Music,Melody,Morning,Relaxation and stress relief,leisure time,Playlists,5,Rarely,Comedy,Interview,Well known individuals,Shorter,Ok,0,1,0,0,0,1,Smartphone,Adult Listener,1,0,0,0,0,1,0,0,Playlist-driven,0,1,0,0,0,0,Light user
20-35,Female,6 months to 1 year,Smartphone,Free,No,None,Music,Melody,Afternoon,"Relaxation and stress relief, Uplifting and motivational, Social gatherings or parties",While Traveling,"recommendations, Playlists",5,Several times a week,Comedy,Conversational,Both,Shorter,Ok,0,1,0,0,0,1,Smartphone,Young Adult,1,1,0,1,1,1,0,0,Hybrid: Rec + Playlist,1,0,0,0,0,0,Regular user
35-60,Female,More than 2 years,Smartphone,Premium,Yes,Duo plan,Music,Melody,Night,Relaxation and stress relief,leisure time,Playlists,5,Rarely,Food and cooking,Educational,Well known individuals,Shorter,Satisfied,1,1,0,0,0,1,Smartphone,Adult Listener,1,0,0,0,0,1,0,0,Playlist-driven,0,1,0,0,0,0,Light user
20-35,Female,1 year to 2 years,Smartphone,Free,No,None,Music,Electronic/Dance,Night,Relaxation and stress relief,leisure time,Playlists,5,Rarely,Comedy,Interview,Well known individuals,Shorter,Satisfied,0,1,0,0,0,1,Smartphone,Young Adult,1,0,0,0,0,1,0,0,Playlist-driven,0,1,0,0,0,0,Light user
20-35,Female,1 year to 2 years,Smartphone,Free,No,None,Music,Melody,Morning,Relaxation and stress relief,While Traveling,Playlists,4,Rarely,Lifestyle and Health,Story telling,Both,Shorter,Ok,0,1,0,0,0,1,Smartphone,Young Adult,1,0,0,0,0,1,0,0,Playlist-driven,1,0,0,0,0,0,Light user
20-35,Female,6 months to 1 year,Smartphone,Free,Yes,Student plan,Music,Pop,Night,Uplifting and motivational,"While Traveling, leisure time","Playlists, Radio",4,Never,No Podcast Usage,No Podcast Usage,No Podcast Usage,No Podcast Usage,Ok,1,1,0,0,0,1,Smartphone,Young Adult,0,1,0,0,0,1,1,0,Playlist-driven,1,1,0,0,0,0,Non-podcast user
20-35,Male,1 year to 2 years,Smartphone,Free,No,None,Music,Melody,Night,Relaxation and stress relief,leisure time,Playlists,3,Rarely,Lifestyle and Health,Educational,Well known individuals,Both,Satisfied,0,1,0,0,0,1,Smartphone,Young Adult,1,0,0,0,0,1,0,0,Playlist-driven,0,1,0,0,0,0,Light user
20-35,Male,Less than 6 months,Smartphone,Free,No,None,Music,Melody,Night,"Relaxation and stress relief, Sadness or melancholy, Social gatherings or parties","Office hours, While Traveling","recommendations, Playlists",1,Never,No Podcast Usage,No Podcast Usage,No Podcast Usage,No Podcast Usage,Ok,0,1,0,0,0,1,Smartphone,Young Adult,1,0,1,1,1,1,0,0,Hybrid: Rec + Playlist,1,0,0,0,1,0,Non-podcast user
20-35,Female,1 year to 2 years,Smartphone,Free,No,None,Music,Pop,Night,"Relaxation and stress relief, Uplifting and motivational","Office hours, Study Hours, While Traveling, leisure time","recommendations, Playlists",3,Rarely,Lifestyle and Health,Story telling,Well known individuals,Shorter,Ok,0,1,0,0,0,1,Smartphone,Young Adult,1,1,0,0,1,1,0,0,Hybrid: Rec + Playlist,1,1,0,1,1,0,Light user
20-35,Female,More than 2 years,Smartphone,Free,No,None,Music,Pop,Night,"Relaxation and stress relief, Uplifting and motivational, Sadness or melancholy, Social gatherings or parties","While Traveling, Workout session, leisure time","recommendations, Playlists, Others",4,Never,No Podcast Usage,No Podcast Usage,No Podcast Usage,No Podcast Usage,Ok,0,1,0,0,0,1,Smartphone,Young Adult,1,1,1,1,1,1,0,1,Hybrid: Rec + Playlist,1,1,1,0,0,0,Non-podcast user
20-35,Female,Less than 6 months,Smartphone,Premium,Yes,Unknown,Music,Melody,Night,"Relaxation and stress relief, Sadness or melancholy",While Traveling,"recommendations, Playlists",5,Rarely,Comedy,Conversational,Well known individuals,Shorter,Satisfied,1,1,0,0,0,1,Smartphone,Young Adult,1,0,1,0,1,1,0,0,Hybrid: Rec + Playlist,1,0,0,0,0,0,Light user
20-35,Male,6 months to 1 year,"Smartphone, Computer or laptop",Free,Yes,Student plan,Music,Classical,Morning,Relaxation and stress relief,"Study Hours, While Traveling, leisure time","recommendations, Playlists",4,Never,No Podcast Usage,No Podcast Usage,No Podcast Usage,No Podcast Usage,Ok,1,1,1,0,0,2,Smartphone,Young Adult,1,0,0,0,1,1,0,0,Hybrid: Rec + Playlist,1,1,0,1,0,0,Non-podcast user
20-35,Male,More than 2 years,"Smartphone, Computer or laptop",Free,No,None,Music,Melody,Night,"Relaxation and stress relief, Uplifting and motivational","While Traveling, leisure time","recommendations, Playlists",3,Rarely,Comedy,Interview,Well known individuals,Shorter,Ok,0,1,1,0,0,2,Smartphone,Young Adult,1,1,0,0,1,1,0,0,Hybrid: Rec + Playlist,1,1,0,0,0,0,Light user
20-35,Male,1 year to 2 years,Smartphone,Free,No,None,Music,Melody,Afternoon,"Relaxation and stress relief, Uplifting and motivational, Sadness or melancholy","While Traveling, Workout session","recommendations, Playlists",4,Never,No Podcast Usage,No Podcast Usage,No Podcast Usage,No Podcast Usage,Ok,0,1,0,0,0,1,Smartphone,Young Adult,1,1,1,0,1,1,0,0,Hybrid: Rec + Playlist,1,0,1,0,0,0,Non-podcast user
20-35,Female,1 year to 2 years,Smartphone,Free,No,None,Music,Melody,Night,Relaxation and stress relief,leisure time,Playlists,5,Daily,Comedy,Conversational,Well known individuals,Both,Very Satisfied,0,1,0,0,0,1,Smartphone,Young Adult,1,0,0,0,0,1,0,0,Playlist-driven,0,1,0,0,0,0,Regular user
20-35,Female,More than 2 years,Smartphone,Free,No,None,Music,Melody,Night,"Relaxation and stress relief, Social gatherings or parties","While Traveling, Workout session, leisure time","recommendations, Playlists",5,Rarely,Lifestyle and Health,Story telling,Both,Both,Satisfied,0,1,0,0,0,1,Smartphone,Young Adult,1,0,0,1,1,1,0,0,Hybrid: Rec + Playlist,1,1,1,0,0,0,Light user
20-35,Female,More than 2 years,Smartphone,Free,No,None,Music,Melody,Night,Relaxation and stress relief,While Traveling,Playlists,5,Rarely,Lifestyle and Health,Story telling,Both,Shorter,Ok,0,1,0,0,0,1,Smartphone,Young Adult,1,0,0,0,0,1,0,0,Playlist-driven,1,0,0,0,0,0,Light user
20-35,Male,More than 2 years,"Smartphone, Computer or laptop",Free,No,None,Music,Classical,Night,"Relaxation and stress relief, Uplifting and motivational, Social gatherings or parties","Study Hours, While Traveling, Workout session, leisure time","recommendations, Playlists, Others",4,Once a week,Health and Fitness,Interview,Well known individuals,Shorter,Satisfied,0,1,1,0,0,2,Smartphone,Young Adult,1,1,0,1,1,1,0,1,Hybrid: Rec + Playlist,1,1,1,1,0,0,Light user
20-35,Female,6 months to 1 year,Smartphone,Free,Yes,Individual plan,Music,Classical,Night,"Relaxation and stress relief, Uplifting and motivational",leisure time,"recommendations, Playlists",4,Never,No Podcast Usage,No Podcast Usage,No Podcast Usage,No Podcast Usage,Ok,1,1,0,0,0,1,Smartphone,Young Adult,1,1,0,0,1,1,0,0,Hybrid: Rec + Playlist,0,1,0,0,0,0,Non-podcast user
20-35,Female,6 months to 1 year,Smartphone,Free,No,None,Music,Melody,Night,Relaxation and stress relief,leisure time,Playlists,3,Never,No Podcast Usage,No Podcast Usage,No Podcast Usage,No Podcast Usage,Ok,0,1,0,0,0,1,Smartphone,Young Adult,1,0,0,0,0,1,0,0,Playlist-driven,0,1,0,0,0,0,Non-podcast user
20-35,Female,Less than 6 months,Smartphone,Free,Yes,Student plan,Music,Melody,Night,Relaxation and stress relief,"Study Hours, While Traveling",Playlists,5,Rarely,Comedy,Story telling,Both,Shorter,Very Satisfied,1,1,0,0,0,1,Smartphone,Young Adult,1,0,0,0,0,1,0,0,Playlist-driven,1,0,0,1,0,0,Light user
20-35,Male,More than 2 years,Smartphone,Free,No,None,Music,Melody,Night,"Relaxation and stress relief, Uplifting and motivational, Sadness or melancholy, Social gatherings or parties","While Traveling, Workout session",Playlists,5,Never,No Podcast Usage,No Podcast Usage,Both,No Podcast Usage,Dissatisfied,0,1,0,0,0,1,Smartphone,Young Adult,1,1,1,1,0,1,0,0,Playlist-driven,1,0,1,0,0,0,Non-podcast user
20-35,Male,1 year to 2 years,Smartphone,Free,No,None,Music,Classical,Night,Relaxation and stress relief,"Office hours, While Traveling, Workout session",Playlists,5,Never,No Podcast Usage,No Podcast Usage,No Podcast Usage,No Podcast Usage,Satisfied,0,1,0,0,0,1,Smartphone,Young Adult,1,0,0,0,0,1,0,0,Playlist-driven,1,0,1,0,1,0,Non-podcast user
20-35,Female,6 months to 1 year,Smartphone,Free,No,None,Music,Melody,Night,Relaxation and stress relief,"While Traveling, leisure time",recommendations,3,Never,No Podcast Usage,No Podcast Usage,No Podcast Usage,No Podcast Usage,Ok,0,1,0,0,0,1,Smartphone,Young Adult,1,0,0,0,1,0,0,0,Algorithm-driven,1,1,0,0,0,0,Non-podcast user
20-35,Female,1 year to 2 years,Smartphone,Free,No,None,Music,Melody,Morning,Relaxation and stress relief,While Traveling,Others,4,Never,No Podcast Usage,No Podcast Usage,No Podcast Usage,No Podcast Usage,Ok,0,1,0,0,0,1,Smartphone,Young Adult,1,0,0,0,0,0,0,1,External Discovery,1,0,0,0,0,0,Non-podcast user
20-35,Female,More than 2 years,Computer or laptop,Free,No,None,Music,Melody,Night,Relaxation and stress relief,leisure time,Playlists,5,Rarely,Lifestyle and Health,Interview,Well known individuals,Shorter,Satisfied,0,0,1,0,0,1,Computer,Young Adult,1,0,0,0,0,1,0,0,Playlist-driven,0,1,0,0,0,0,Light user
20-35,Male,More than 2 years,Smartphone,Premium,Yes,Individual plan,Music,Pop,Night,Relaxation and stress relief,While Traveling,"recommendations, Radio",4,Daily,Lifestyle and Health,Educational,Well known individuals,Shorter,Very Satisfied,1,1,0,0,0,1,Smartphone,Young Adult,1,0,0,0,1,0,1,0,Algorithm-driven,1,0,0,0,0,0,Regular user
20-35,Male,1 year to 2 years,Smartphone,Free,No,Student plan,Music,Other,Night,Relaxation and stress relief,leisure time,recommendations,2,Rarely,Comedy,Conversational,Well known individuals,Both,Ok,0,1,0,0,0,1,Smartphone,Young Adult,1,0,0,0,1,0,0,0,Algorithm-driven,0,1,0,0,0,0,Light user
20-35,Female,More than 2 years,"Smartphone, Computer or laptop, Smart speakers or voice assistants, Wearable devices",Free,Yes,Student plan,Music,Melody,Night,"Relaxation and stress relief, Uplifting and motivational","Office hours, leisure time",recommendations,5,Several times a week,Lifestyle and Health,Conversational,Both,Shorter,Ok,1,1,1,1,1,4,Smartphone,Young Adult,1,1,0,0,1,0,0,0,Algorithm-driven,0,1,0,0,1,0,Regular user
20-35,Female,Less than 6 months,Smartphone,Free,No,Student plan,Music,Melody,Night,Relaxation and stress relief,Workout session,Others,2,Rarely,Lifestyle and Health,Conversational,Both,Shorter,Dissatisfied,0,1,0,0,0,1,Smartphone,Young Adult,1,0,0,0,0,0,0,1,External Discovery,0,0,1,0,0,0,Light user
20-35,Female,Less than 6 months,Smartphone,Free,No,Student plan,Podcast,Melody,Afternoon,Relaxation and stress relief,leisure time,recommendations,5,Once a week,Health and Fitness,Conversational,Both,Shorter,Satisfied,0,1,0,0,0,1,Smartphone,Young Adult,1,0,0,0,1,0,0,0,Algorithm-driven,0,1,0,0,0,0,Light user
20-35,Female,Less than 6 months,Smartphone,Free,No,None,Music,Melody,Night,Relaxation and stress relief,leisure time,recommendations,3,Never,Food and cooking,No Podcast Usage,No Podcast Usage,No Podcast Usage,Ok,0,1,0,0,0,1,Smartphone,Young Adult,1,0,0,0,1,0,0,0,Algorithm-driven,0,1,0,0,0,0,Non-podcast user
20-35,Female,More than 2 years,Smartphone,Free,Yes,Individual plan,Music,Melody,Night,"Relaxation and stress relief, Sadness or melancholy","While Traveling, leisure time","recommendations, Playlists",5,Never,No Podcast Usage,No Podcast Usage,No Podcast Usage,No Podcast Usage,Ok,1,1,0,0,0,1,Smartphone,Young Adult,1,0,1,0,1,1,0,0,Hybrid: Rec + Playlist,1,1,0,0,0,0,Non-podcast user
20-35,Female,1 year to 2 years,Smartphone,Free,No,Student plan,Music,Melody,Night,Relaxation and stress relief,While Traveling,Playlists,3,Daily,No Podcast Usage,Educational,unknown Podcasters,Shorter,Ok,0,1,0,0,0,1,Smartphone,Young Adult,1,0,0,0,0,1,0,0,Playlist-driven,1,0,0,0,0,0,Regular user
20-35,Female,1 year to 2 years,Smartphone,Free,No,Family plan,Music,Rap,Afternoon,"Relaxation and stress relief, Uplifting and motivational",While Traveling,Others,4,Daily,No Podcast Usage,Story telling,unknown Podcasters,Longer,Satisfied,0,1,0,0,0,1,Smartphone,Young Adult,1,1,0,0,0,0,0,1,External Discovery,1,0,0,0,0,0,Regular user
20-35,Male,More than 2 years,Smartphone,Free,No,Individual plan,Music,Melody,Morning,Relaxation and stress relief,"Office hours, Workout session",Others,3,Never,No Podcast Usage,No Podcast Usage,No Podcast Usage,No Podcast Usage,Very Dissatisfied,0,1,0,0,0,1,Smartphone,Young Adult,1,0,0,0,0,0,0,1,External Discovery,0,0,1,0,1,0,Non-podcast user
20-35,Male,1 year to 2 years,Smartphone,Free,No,Student plan,Music,Pop,Night,Relaxation and stress relief,While Traveling,recommendations,4,Never,No Podcast Usage,No Podcast Usage,No Podcast Usage,No Podcast Usage,Ok,0,1,0,0,0,1,Smartphone,Young Adult,1,0,0,0,1,0,0,0,Algorithm-driven,1,0,0,0,0,0,Non-podcast user
20-35,Male,1 year to 2 years,Smartphone,Free,No,None,Music,Melody,Morning,Relaxation and stress relief,Workout session,recommendations,4,Daily,Sports,No Podcast Usage,Both,Shorter,Satisfied,0,1,0,0,0,1,Smartphone,Young Adult,1,0,0,0,1,0,0,0,Algorithm-driven,0,0,1,0,0,0,Regular user
20-35,Male,More than 2 years,Smartphone,Free,No,Student plan,Music,Melody,Morning,"Relaxation and stress relief, Sadness or melancholy",While Traveling,Playlists,4,Rarely,No Podcast Usage,Interview,Well known individuals,Longer,Satisfied,0,1,0,0,0,1,Smartphone,Young Adult,1,0,1,0,0,1,0,0,Playlist-driven,1,0,0,0,0,0,Light user
20-35,Female,1 year to 2 years,Smartphone,Free,No,Student plan,Music,Pop,Night,"Relaxation and stress relief, Sadness or melancholy",While Traveling,Playlists,5,Once a week,Comedy,Story telling,Both,Both,Very Satisfied,0,1,0,0,0,1,Smartphone,Young Adult,1,0,1,0,0,1,0,0,Playlist-driven,1,0,0,0,0,0,Light user
20-35,Female,6 months to 1 year,Smartphone,Free,Yes,Individual plan,Music,Melody,Night,Relaxation and stress relief,"Study Hours, While Traveling, leisure time","recommendations, Playlists",4,Rarely,Comedy,Story telling,Both,Shorter,Satisfied,1,1,0,0,0,1,Smartphone,Young Adult,1,0,0,0,1,1,0,0,Hybrid: Rec + Playlist,1,1,0,1,0,0,Light user
20-35,Female,Less than 6 months,Smartphone,Premium,No,Duo plan,Music,Melody,Night,Relaxation and stress relief,While Traveling,Playlists,5,Never,No Podcast Usage,No Podcast Usage,No Podcast Usage,No Podcast Usage,Very Dissatisfied,0,1,0,0,0,1,Smartphone,Young Adult,1,0,0,0,0,1,0,0,Playlist-driven,1,0,0,0,0,0,Non-podcast user
20-35,Female,More than 2 years,Smartphone,Free,No,Duo plan,Music,Classical,Night,Uplifting and motivational,"While Traveling, Workout session",recommendations,4,Several times a week,Comedy,Story telling,Both,Shorter,Satisfied,0,1,0,0,0,1,Smartphone,Young Adult,0,1,0,0,1,0,0,0,Algorithm-driven,1,0,1,0,0,0,Regular user
20-35,Female,1 year to 2 years,Smartphone,Free,Yes,Individual plan,Music,Melody,Night,"Relaxation and stress relief, Sadness or melancholy","While Traveling, Workout session, leisure time","recommendations, Playlists",4,Several times a week,Health and Fitness,Story telling,Well known individuals,Shorter,Very Satisfied,1,1,0,0,0,1,Smartphone,Young Adult,1,0,1,0,1,1,0,0,Hybrid: Rec + Playlist,1,1,1,0,0,0,Regular user
20-35,Female,More than 2 years,Smartphone,Free,No,None,Music,Melody,Night,Sadness or melancholy,leisure time,Playlists,2,Never,No Podcast Usage,No Podcast Usage,Well known individuals,Shorter,Satisfied,0,1,0,0,0,1,Smartphone,Young Adult,0,0,1,0,0,1,0,0,Playlist-driven,0,1,0,0,0,0,Non-podcast user
20-35,Female,More than 2 years,"Smartphone, Wearable devices",Free,Yes,Duo plan,Music,Other,Night,Uplifting and motivational,leisure time,"recommendations, Playlists",5,Once a week,Other,Conversational,unknown Podcasters,Shorter,Satisfied,1,1,0,0,1,2,Smartphone,Young Adult,0,1,0,0,1,1,0,0,Hybrid: Rec + Playlist,0,1,0,0,0,0,Light user
20-35,Female,6 months to 1 year,Smartphone,Free,No,None,Music,Melody,Afternoon,Relaxation and stress relief,Workout session,Playlists,5,Once a week,Comedy,Interview,Well known individuals,Shorter,Ok,0,1,0,0,0,1,Smartphone,Young Adult,1,0,0,0,0,1,0,0,Playlist-driven,0,0,1,0,0,0,Light user
20-35,Female,1 year to 2 years,Smartphone,Free,No,Student plan,Music,Melody,Night,"Relaxation and stress relief, Uplifting and motivational","Office hours, Workout session",Others,5,Never,No Podcast Usage,Conversational,Well known individuals,Shorter,Ok,0,1,0,0,0,1,Smartphone,Young Adult,1,1,0,0,0,0,0,1,External Discovery,0,0,1,0,1,0,Non-podcast user
20-35,Female,1 year to 2 years,Smartphone,Free,No,None,Music,Melody,Night,Relaxation and stress relief,While Traveling,recommendations,4,Never,Comedy,Story telling,Well known individuals,Shorter,Ok,0,1,0,0,0,1,Smartphone,Young Adult,1,0,0,0,1,0,0,0,Algorithm-driven,1,0,0,0,0,0,Non-podcast user
20-35,Female,6 months to 1 year,Smartphone,Free,No,Individual plan,Music,Melody,Night,Relaxation and stress relief,While Traveling,recommendations,4,Rarely,Comedy,Story telling,Both,Shorter,Satisfied,0,1,0,0,0,1,Smartphone,Young Adult,1,0,0,0,1,0,0,0,Algorithm-driven,1,0,0,0,0,0,Light user
20-35,Female,More than 2 years,Smartphone,Premium,Yes,Individual plan,Music,Pop,Night,"Relaxation and stress relief, Sadness or melancholy","While Traveling, leisure time","recommendations, Playlists",5,Rarely,Lifestyle and Health,Conversational,Well known individuals,Shorter,Ok,1,1,0,0,0,1,Smartphone,Young Adult,1,0,1,0,1,1,0,0,Hybrid: Rec + Playlist,1,1,0,0,0,0,Light user
12-20,Male,6 months to 1 year,Smartphone,Free,No,Student plan,Music,Classical,Night,Social gatherings or parties,leisure time,Playlists,3,Never,No Podcast Usage,No Podcast Usage,No Podcast Usage,No Podcast Usage,Very Dissatisfied,0,1,0,0,0,1,Smartphone,Teen Listener,0,0,0,1,0,1,0,0,Playlist-driven,0,1,0,0,0,0,Non-podcast user
12-20,Male,6 months to 1 year,Smartphone,Free,No,Student plan,Music,Classical,Night,Social gatherings or parties,leisure time,"recommendations, Others",3,Never,No Podcast Usage,No Podcast Usage,No Podcast Usage,No Podcast Usage,Very Dissatisfied,0,1,0,0,0,1,Smartphone,Teen Listener,0,0,0,1,1,0,0,1,Algorithm-driven,0,1,0,0,0,0,Non-podcast user
20-35,Female,More than 2 years,Smartphone,Premium,Yes,Student plan,Music,Melody,Night,Relaxation and stress relief,While Traveling,recommendations,3,Rarely,Lifestyle and Health,Educational,Both,Shorter,Satisfied,1,1,0,0,0,1,Smartphone,Young Adult,1,0,0,0,1,0,0,0,Algorithm-driven,1,0,0,0,0,0,Light user
20-35,Female,More than 2 years,Smartphone,Free,No,Duo plan,Music,Melody,Night,Relaxation and stress relief,Study Hours,Playlists,5,Rarely,Comedy,Story telling,Both,Both,Satisfied,0,1,0,0,0,1,Smartphone,Young Adult,1,0,0,0,0,1,0,0,Playlist-driven,0,0,0,1,0,0,Light user
20-35,Male,6 months to 1 year,"Smartphone, Computer or laptop",Free,No,None,Music,Pop,Night,Relaxation and stress relief,"Office hours, Workout session",recommendations,5,Several times a week,Sports,No Podcast Usage,Both,Both,Very Satisfied,0,1,1,0,0,2,Smartphone,Young Adult,1,0,0,0,1,0,0,0,Algorithm-driven,0,0,1,0,1,0,Regular user
20-35,Male,1 year to 2 years,"Smartphone, Computer or laptop",Premium,Yes,Individual plan,Music,Melody,Afternoon,Relaxation and stress relief,"Office hours, Study Hours, While Traveling","recommendations, Playlists, Others",3,Rarely,Other,Educational,Both,Shorter,Ok,1,1,1,0,0,2,Smartphone,Young Adult,1,0,0,0,1,1,0,1,Hybrid: Rec + Playlist,1,0,0,1,1,0,Light user
20-35,Female,Less than 6 months,Wearable devices,Free,No,Individual plan,Music,Melody,Morning,Relaxation and stress relief,While Traveling,recommendations,3,Never,No Podcast Usage,No Podcast Usage,No Podcast Usage,No Podcast Usage,Ok,0,0,0,0,1,1,Wearable,Young Adult,1,0,0,0,1,0,0,0,Algorithm-driven,1,0,0,0,0,0,Non-podcast user
20-35,Female,1 year to 2 years,"Smartphone, Computer or laptop, Smart speakers or voice assistants, Wearable devices",Free,No,Student plan,Music,Melody,Morning,"Relaxation and stress relief, Uplifting and motivational, Sadness or melancholy, Social gatherings or parties","While Traveling, Workout session, leisure time","recommendations, Playlists",4,Rarely,Health and Fitness,Conversational,Well known individuals,Shorter,Satisfied,0,1,1,1,1,4,Smartphone,Young Adult,1,1,1,1,1,1,0,0,Hybrid: Rec + Playlist,1,1,1,0,0,0,Light user
20-35,Female,More than 2 years,Smartphone,Free,No,Student plan,Podcast,Classical,Night,"Relaxation and stress relief, Uplifting and motivational, Social gatherings or parties","While Traveling, leisure time","recommendations, Playlists, Others",3,Once a week,Other,Story telling,Both,Both,Satisfied,0,1,0,0,0,1,Smartphone,Young Adult,1,1,0,1,1,1,0,1,Hybrid: Rec + Playlist,1,1,0,0,0,0,Light user
20-35,Female,More than 2 years,Smartphone,Free,No,None,Music,Pop,Night,"Relaxation and stress relief, Uplifting and motivational, Sadness or melancholy, Social gatherings or parties","Office hours, Study Hours, While Traveling, Workout session, leisure time","Playlists, Radio",3,Rarely,Lifestyle and Health,Story telling,Well known individuals,Shorter,Ok,0,1,0,0,0,1,Smartphone,Young Adult,1,1,1,1,0,1,1,0,Playlist-driven,1,1,1,1,1,0,Light user
20-35,Male,More than 2 years,Smartphone,Free,No,Duo plan,Music,Other,Night,"Relaxation and stress relief, Uplifting and motivational, Social gatherings or parties",Random,"recommendations, Others",5,Rarely,No Podcast Usage,No Podcast Usage,No Podcast Usage,No Podcast Usage,Ok,0,1,0,0,0,1,Smartphone,Young Adult,1,1,0,1,1,0,0,1,Algorithm-driven,0,0,0,0,0,0,Light user
20-35,Female,1 year to 2 years,Smartphone,Free,No,Student plan,Music,Pop,Morning,"Uplifting and motivational, Sadness or melancholy","Office hours, While Traveling, Workout session",recommendations,3,Never,No Podcast Usage,Educational,Both,Shorter,Ok,0,1,0,0,0,1,Smartphone,Young Adult,0,1,1,0,1,0,0,0,Algorithm-driven,1,0,1,0,1,0,Non-podcast user
20-35,Female,1 year to 2 years,Smartphone,Free,Yes,Individual plan,Music,Melody,Morning,Relaxation and stress relief,Workout session,Playlists,4,Rarely,Health and Fitness,Educational,Well known individuals,Longer,Satisfied,1,1,0,0,0,1,Smartphone,Young Adult,1,0,0,0,0,1,0,0,Playlist-driven,0,0,1,0,0,0,Light user
20-35,Female,1 year to 2 years,"Smartphone, Computer or laptop",Free,No,Individual plan,Music,Melody,Night,"Relaxation and stress relief, Social gatherings or parties","While Traveling, Workout session, leisure time","Playlists, Others",4,Rarely,No Podcast Usage,Story telling,Both,Both,Ok,0,1,1,0,0,2,Smartphone,Young Adult,1,0,0,1,0,1,0,1,Playlist-driven,1,1,1,0,0,0,Light user
20-35,Male,6 months to 1 year,Smartphone,Free,No,Individual plan,Music,Rap,Morning,Relaxation and stress relief,Office hours,recommendations,4,Never,No Podcast Usage,No Podcast Usage,No Podcast Usage,No Podcast Usage,Ok,0,1,0,0,0,1,Smartphone,Young Adult,1,0,0,0,1,0,0,0,Algorithm-driven,0,0,0,0,1,0,Non-podcast user
20-35,Female,More than 2 years,Smartphone,Free,No,Duo plan,Music,Pop,Morning,Relaxation and stress relief,While Traveling,Playlists,3,Rarely,Lifestyle and Health,Conversational,unknown Podcasters,Shorter,Ok,0,1,0,0,0,1,Smartphone,Young Adult,1,0,0,0,0,1,0,0,Playlist-driven,1,0,0,0,0,0,Light user
12-20,Male,More than 2 years,"Smartphone, Computer or laptop, Smart speakers or voice assistants, Wearable devices",Premium,Yes,Family plan,Music,Pop,Night,"Relaxation and stress relief, Uplifting and motivational, Sadness or melancholy","Office hours, Study Hours, While Traveling, Workout session, leisure time","recommendations, Playlists, Others",3,Once a week,Comedy,Conversational,Both,Both,Satisfied,1,1,1,1,1,4,Smartphone,Teen Listener,1,1,1,0,1,1,0,1,Hybrid: Rec + Playlist,1,1,1,1,1,0,Light user
20-35,Female,6 months to 1 year,Smartphone,Free,No,Student plan,Music,Melody,Night,"Relaxation and stress relief, Uplifting and motivational, Sadness or melancholy","While Traveling, Workout session, leisure time","recommendations, Playlists",2,Never,No Podcast Usage,Story telling,No Podcast Usage,Shorter,Very Dissatisfied,0,1,0,0,0,1,Smartphone,Young Adult,1,1,1,0,1,1,0,0,Hybrid: Rec + Playlist,1,1,1,0,0,0,Non-podcast user
20-35,Female,More than 2 years,Smartphone,Free,No,None,Music,Electronic/Dance,Night,"Relaxation and stress relief, Sadness or melancholy, Social gatherings or parties","While Traveling, Workout session, leisure time","recommendations, Playlists",5,Daily,Sports,Conversational,Both,Both,Very Satisfied,0,1,0,0,0,1,Smartphone,Young Adult,1,0,1,1,1,1,0,0,Hybrid: Rec + Playlist,1,1,1,0,0,0,Regular user
20-35,Female,Less than 6 months,Smartphone,Free,Yes,Duo plan,Music,Pop,Night,Relaxation and stress relief,leisure time,Playlists,5,Once a week,Lifestyle and Health,Interview,Both,Shorter,Dissatisfied,1,1,0,0,0,1,Smartphone,Young Adult,1,0,0,0,0,1,0,0,Playlist-driven,0,1,0,0,0,0,Light user
20-35,Female,More than 2 years,Smartphone,Free,No,None,Music,Other,Night,Uplifting and motivational,"Study Hours, Workout session, leisure time",Others,5,Rarely,Other,Story telling,Both,Shorter,Satisfied,0,1,0,0,0,1,Smartphone,Young Adult,0,1,0,0,0,0,0,1,External Discovery,0,1,1,1,0,0,Light user
20-35,Female,6 months to 1 year,Smartphone,Free,No,Student plan,Music,Melody,Night,Relaxation and stress relief,"Study Hours, While Traveling",recommendations,5,Several times a week,No Podcast Usage,No Podcast Usage,No Podcast Usage,Both,Satisfied,0,1,0,0,0,1,Smartphone,Young Adult,1,0,0,0,1,0,0,0,Algorithm-driven,1,0,0,1,0,0,Regular user
20-35,Female,1 year to 2 years,"Smartphone, Computer or laptop",Free,No,Student plan,Music,Melody,Afternoon,"Relaxation and stress relief, Uplifting and motivational, Social gatherings or parties","While Traveling, Workout session, leisure time",Others,3,Rarely,Comedy,Interview,Well known individuals,Both,Satisfied,0,1,1,0,0,2,Smartphone,Young Adult,1,1,0,1,0,0,0,1,External Discovery,1,1,1,0,0,0,Light user
20-35,Female,More than 2 years,Smartphone,Free,No,None,Music,Melody,Afternoon,Relaxation and stress relief,"While Traveling, Workout session, leisure time","recommendations, Playlists",3,Rarely,Comedy,Conversational,Both,Shorter,Satisfied,0,1,0,0,0,1,Smartphone,Young Adult,1,0,0,0,1,1,0,0,Hybrid: Rec + Playlist,1,1,1,0,0,0,Light user
20-35,Female,1 year to 2 years,Smartphone,Free,Yes,Student plan,Music,Melody,Morning,Relaxation and stress relief,While Traveling,recommendations,3,Rarely,Comedy,Conversational,Both,Shorter,Ok,1,1,0,0,0,1,Smartphone,Young Adult,1,0,0,0,1,0,0,0,Algorithm-driven,1,0,0,0,0,0,Light user
20-35,Female,1 year to 2 years,Smartphone,Free,No,Student plan,Music,Pop,Afternoon,Social gatherings or parties,While Traveling,recommendations,4,Rarely,Comedy,Conversational,unknown Podcasters,Shorter,Satisfied,0,1,0,0,0,1,Smartphone,Young Adult,0,0,0,1,1,0,0,0,Algorithm-driven,1,0,0,0,0,0,Light user
20-35,Female,Less than 6 months,Smartphone,Free,No,None,Music,Melody,Night,Relaxation and stress relief,"While Traveling, leisure time",Playlists,4,Several times a week,Comedy,Story telling,Both,Shorter,Ok,0,1,0,0,0,1,Smartphone,Young Adult,1,0,0,0,0,1,0,0,Playlist-driven,1,1,0,0,0,0,Regular user
20-35,Female,More than 2 years,"Smartphone, Computer or laptop",Free,No,None,Music,Melody,Night,"Relaxation and stress relief, Uplifting and motivational, Sadness or melancholy, Social gatherings or parties","While Traveling, Workout session, leisure time",Others,3,Never,No Podcast Usage,No Podcast Usage,No Podcast Usage,No Podcast Usage,Ok,0,1,1,0,0,2,Smartphone,Young Adult,1,1,1,1,0,0,0,1,External Discovery,1,1,1,0,0,0,Non-podcast user
20-35,Female,6 months to 1 year,Computer or laptop,Free,Yes,Individual plan,Podcast,Classical,Morning,Uplifting and motivational,Workout session,Playlists,1,Several times a week,Lifestyle and Health,Educational,Well known individuals,Both,Satisfied,1,0,1,0,0,1,Computer,Young Adult,0,1,0,0,0,1,0,0,Playlist-driven,0,0,1,0,0,0,Regular user
12-20,Female,6 months to 1 year,Computer or laptop,Premium,Yes,Duo plan,Podcast,Classical,Afternoon,Sadness or melancholy,While Traveling,Radio,3,Once a week,Sports,Story telling,unknown Podcasters,Both,Ok,1,0,1,0,0,1,Computer,Teen Listener,0,0,1,0,0,0,1,0,Radio/Autoplay,1,0,0,0,0,0,Light user
20-35,Female,6 months to 1 year,Computer or laptop,Free,Yes,Duo plan,Podcast,Classical,Afternoon,Sadness or melancholy,While Traveling,Radio,3,Once a week,Sports,Interview,Well known individuals,Longer,Ok,1,0,1,0,0,1,Computer,Young Adult,0,0,1,0,0,0,1,0,Radio/Autoplay,1,0,0,0,0,0,Light user
12-20,Female,1 year to 2 years,Computer or laptop,Free,Yes,Individual plan,Podcast,Rap,Afternoon,Sadness or melancholy,Study Hours,Radio,3,Once a week,Health and Fitness,Interview,unknown Podcasters,Longer,Satisfied,1,0,1,0,0,1,Computer,Teen Listener,0,0,1,0,0,0,1,0,Radio/Autoplay,0,0,0,1,0,0,Light user
20-35,Female,6 months to 1 year,Computer or laptop,Free,Yes,Individual plan,Podcast,Classical,Afternoon,Sadness or melancholy,While Traveling,Playlists,2,Several times a week,Health and Fitness,Interview,unknown Podcasters,Both,Ok,1,0,1,0,0,1,Computer,Young Adult,0,0,1,0,0,1,0,0,Playlist-driven,1,0,0,0,0,0,Regular user
20-35,Female,6 months to 1 year,Computer or laptop,Free,Yes,Duo plan,Music,Rap,Morning,Uplifting and motivational,While Traveling,Radio,3,Once a week,Lifestyle and Health,Interview,unknown Podcasters,Longer,Satisfied,1,0,1,0,0,1,Computer,Young Adult,0,1,0,0,0,0,1,0,Radio/Autoplay,1,0,0,0,0,0,Light user
12-20,Female,6 months to 1 year,Smart speakers or voice assistants,Premium,Yes,Duo plan,Podcast,Classical,Morning,Uplifting and motivational,Study Hours,Radio,3,Several times a week,Health and Fitness,Interview,unknown Podcasters,Longer,Satisfied,1,0,0,1,0,1,Speaker,Teen Listener,0,1,0,0,0,0,1,0,Radio/Autoplay,0,0,0,1,0,0,Regular user
12-20,Female,1 year to 2 years,Smartphone,Free,Yes,Student plan,Music,Melody,Night,Relaxation and stress relief,"While Traveling, Workout session, leisure time",Others,5,Daily,Health and Fitness,Educational,Well known individuals,Shorter,Very Satisfied,1,1,0,0,0,1,Smartphone,Teen Listener,1,0,0,0,0,0,0,1,External Discovery,1,1,1,0,0,0,Regular user
12-20,Female,6 months to 1 year,Computer or laptop,Free,Yes,Duo plan,Podcast,Rap,Morning,Sadness or melancholy,Workout session,Playlists,4,Several times a week,Lifestyle and Health,Interview,Well known individuals,Longer,Satisfied,1,0,1,0,0,1,Computer,Teen Listener,0,0,1,0,0,1,0,0,Playlist-driven,0,0,1,0,0,0,Regular user
20-35,Female,1 year to 2 years,Smart speakers or voice assistants,Free,Yes,Duo plan,Podcast,Classical,Afternoon,Sadness or melancholy,Workout session,Radio,2,Once a week,Health and Fitness,Story telling,unknown Podcasters,Longer,Ok,1,0,0,1,0,1,Speaker,Young Adult,0,0,1,0,0,0,1,0,Radio/Autoplay,0,0,1,0,0,0,Light user
20-35,Female,1 year to 2 years,Smart speakers or voice assistants,Free,Yes,Duo plan,Music,Classical,Afternoon,Sadness or melancholy,"Study Hours, While Traveling, leisure time","Playlists, Others",2,Once a week,Health and Fitness,Story telling,unknown Podcasters,Both,Satisfied,1,0,0,1,0,1,Speaker,Young Adult,0,0,1,0,0,1,0,1,Playlist-driven,1,1,0,1,0,0,Light user
20-35,Female,6 months to 1 year,"Computer or laptop, Wearable devices",Premium,Yes,Duo plan,Podcast,Rap,Morning,Uplifting and motivational,"While Traveling, Workout session, leisure time","Playlists, Radio, Others",2,Several times a week,Health and Fitness,Interview,unknown Podcasters,Longer,Satisfied,1,0,1,0,1,2,Computer,Young Adult,0,1,0,0,0,1,1,1,Playlist-driven,1,1,1,0,0,0,Regular user
20-35,Female,1 year to 2 years,"Computer or laptop, Smart speakers or voice assistants",Premium,Yes,Individual plan,Podcast,Pop,Afternoon,"Uplifting and motivational, Sadness or melancholy","Study Hours, While Traveling, Workout session","Playlists, Radio",3,Several times a week,Health and Fitness,Story telling,Both,Longer,Satisfied,1,0,1,1,0,2,Computer,Young Adult,0,1,1,0,0,1,1,0,Playlist-driven,1,0,1,1,0,0,Regular user
20-35,Others,1 year to 2 years,Computer or laptop,Free,Yes,Family plan,Podcast,Classical,Afternoon,Uplifting and motivational,"Study Hours, While Traveling, Workout session","Playlists, Radio, Others",3,Once a week,Sports,Interview,unknown Podcasters,Shorter,Ok,1,0,1,0,0,1,Computer,Young Adult,0,1,0,0,0,1,1,1,Playlist-driven,1,0,1,1,0,0,Light user
20-35,Female,6 months to 1 year,"Smartphone, Computer or laptop, Smart speakers or voice assistants",Premium,No,Duo plan,Podcast,Classical,Morning,"Uplifting and motivational, Sadness or melancholy","Office hours, Study Hours, While Traveling","Playlists, Others",2,Several times a week,Health and Fitness,Interview,unknown Podcasters,Longer,Very Satisfied,0,1,1,1,0,3,Smartphone,Young Adult,0,1,1,0,0,1,0,1,Playlist-driven,1,0,0,1,1,0,Regular user
20-35,Female,1 year to 2 years,"Computer or laptop, Smart speakers or voice assistants, Wearable devices",Free,No,Duo plan,Music,Melody,Night,"Relaxation and stress relief, Sadness or melancholy","Study Hours, While Traveling, Workout session","Playlists, Others",3,Once a week,Sports,Interview,unknown Podcasters,Both,Ok,0,0,1,1,1,3,Computer,Young Adult,1,0,1,0,0,1,0,1,Playlist-driven,1,0,1,1,0,0,Light user
20-35,Female,1 year to 2 years,"Computer or laptop, Smart speakers or voice assistants",Premium,No,Family plan,Podcast,Classical,Afternoon,"Uplifting and motivational, Sadness or melancholy","Study Hours, While Traveling, Workout session","Playlists, Radio",3,Several times a week,Health and Fitness,Story telling,unknown Podcasters,Longer,Satisfied,0,0,1,1,0,2,Computer,Young Adult,0,1,1,0,0,1,1,0,Playlist-driven,1,0,1,1,0,0,Regular user
20-35,Female,6 months to 1 year,"Computer or laptop, Smart speakers or voice assistants, Wearable devices",Premium,Yes,Duo plan,Music,Classical,Morning,"Uplifting and motivational, Sadness or melancholy, Social gatherings or parties","Office hours, Study Hours, Workout session","recommendations, Playlists, Radio",3,Several times a week,Health and Fitness,Story telling,unknown Podcasters,Longer,Satisfied,1,0,1,1,1,3,Computer,Young Adult,0,1,1,1,1,1,1,0,Hybrid: Rec + Playlist,0,0,1,1,1,0,Regular user
12-20,Female,6 months to 1 year,"Smartphone, Computer or laptop",Premium,Yes,Individual plan,Podcast,Rap,Afternoon,"Relaxation and stress relief, Sadness or melancholy","Office hours, Study Hours, While Traveling","recommendations, Radio, Others",2,Several times a week,Health and Fitness,Story telling,Both,Longer,Ok,1,1,1,0,0,2,Smartphone,Teen Listener,1,0,1,0,1,0,1,1,Algorithm-driven,1,0,0,1,1,0,Regular user
12-20,Female,6 months to 1 year,Smart speakers or voice assistants,Free,No,Duo plan,Podcast,Classical,Afternoon,Social gatherings or parties,"Study Hours, While Traveling",Radio,3,Rarely,Sports,Conversational,unknown Podcasters,Longer,Ok,0,0,0,1,0,1,Speaker,Teen Listener,0,0,0,1,0,0,1,0,Radio/Autoplay,1,0,0,1,0,0,Light user
20-35,Female,6 months to 1 year,"Computer or laptop, Smart speakers or voice assistants",Free,Yes,Family plan,Music,Classical,Afternoon,Sadness or melancholy,While Traveling,"Playlists, Radio",3,Once a week,Health and Fitness,Story telling,unknown Podcasters,Longer,Ok,1,0,1,1,0,2,Computer,Young Adult,0,0,1,0,0,1,1,0,Playlist-driven,1,0,0,0,0,0,Light user
35-60,Female,1 year to 2 years,"Computer or laptop, Smart speakers or voice assistants",Free,No,Family plan,Music,Classical,Morning,Uplifting and motivational,While Traveling,Radio,3,Once a week,Health and Fitness,Story telling,unknown Podcasters,Both,Ok,0,0,1,1,0,2,Computer,Adult Listener,0,1,0,0,0,0,1,0,Radio/Autoplay,1,0,0,0,0,0,Light user
35-60,Female,Less than 6 months,"Smartphone, Computer or laptop",Premium,No,Duo plan,Podcast,Pop,Morning,"Relaxation and stress relief, Uplifting and motivational, Sadness or melancholy","Study Hours, While Traveling, Workout session","recommendations, Playlists, Radio",2,Once a week,Sports,Interview,unknown Podcasters,Longer,Ok,0,1,1,0,0,2,Smartphone,Adult Listener,1,1,1,0,1,1,1,0,Hybrid: Rec + Playlist,1,0,1,1,0,0,Light user
35-60,Female,6 months to 1 year,"Smart speakers or voice assistants, Wearable devices",Free,No,Duo plan,Podcast,Melody,Afternoon,Uplifting and motivational,While Traveling,Playlists,2,Several times a week,Health and Fitness,Interview,unknown Podcasters,Longer,Satisfied,0,0,0,1,1,2,Speaker,Adult Listener,0,1,0,0,0,1,0,0,Playlist-driven,1,0,0,0,0,0,Regular user
20-35,Female,1 year to 2 years,"Computer or laptop, Smart speakers or voice assistants",Premium,Yes,Duo plan,Podcast,Classical,Afternoon,Sadness or melancholy,Workout session,Playlists,2,Several times a week,Health and Fitness,Story telling,Both,Both,Dissatisfied,1,0,1,1,0,2,Computer,Young Adult,0,0,1,0,0,1,0,0,Playlist-driven,0,0,1,0,0,0,Regular user
12-20,Female,6 months to 1 year,"Computer or laptop, Smart speakers or voice assistants",Free,No,Duo plan,Music,Melody,Afternoon,"Relaxation and stress relief, Uplifting and motivational, Sadness or melancholy","Study Hours, While Traveling, Workout session",Playlists,3,Once a week,Health and Fitness,Interview,Well known individuals,Both,Ok,0,0,1,1,0,2,Computer,Teen Listener,1,1,1,0,0,1,0,0,Playlist-driven,1,0,1,1,0,0,Light user
20-35,Female,6 months to 1 year,Computer or laptop,Premium,No,Family plan,Music,Classical,Night,Sadness or melancholy,Workout session,Radio,3,Several times a week,Health and Fitness,Story telling,unknown Podcasters,Both,Satisfied,0,0,1,0,0,1,Computer,Young Adult,0,0,1,0,0,0,1,0,Radio/Autoplay,0,0,1,0,0,0,Regular user
12-20,Female,1 year to 2 years,"Computer or laptop, Wearable devices",Premium,Yes,Duo plan,Podcast,Rap,Afternoon,"Relaxation and stress relief, Sadness or melancholy","While Traveling, Workout session",Radio,3,Once a week,Health and Fitness,Interview,Both,Longer,Satisfied,1,0,1,0,1,2,Computer,Teen Listener,1,0,1,0,0,0,1,0,Radio/Autoplay,1,0,1,0,0,0,Light user
20-35,Female,6 months to 1 year,Smartphone,Free,No,Individual plan,Music,Melody,Night,Relaxation and stress relief,While Traveling,Others,4,Rarely,Health and Fitness,No Podcast Usage,Both,Shorter,Ok,0,1,0,0,0,1,Smartphone,Young Adult,1,0,0,0,0,0,0,1,External Discovery,1,0,0,0,0,0,Light user
35-60,Female,1 year to 2 years,Smart speakers or voice assistants,Premium,Yes,Duo plan,Podcast,Rap,Afternoon,Uplifting and motivational,While Traveling,Others,3,Once a week,Health and Fitness,Interview,unknown Podcasters,Longer,Satisfied,1,0,0,1,0,1,Speaker,Adult Listener,0,1,0,0,0,0,0,1,External Discovery,1,0,0,0,0,0,Light user
20-35,Female,6 months to 1 year,Computer or laptop,Free,Yes,Individual plan,Podcast,Rap,Afternoon,"Uplifting and motivational, Sadness or melancholy",Study Hours,Playlists,3,Once a week,Health and Fitness,Story telling,unknown Podcasters,Both,Satisfied,1,0,1,0,0,1,Computer,Young Adult,0,1,1,0,0,1,0,0,Playlist-driven,0,0,0,1,0,0,Light user
20-35,Male,1 year to 2 years,Smartphone,Free,No,None,Music,Melody,Night,"Relaxation and stress relief, Uplifting and motivational, Sadness or melancholy","Office hours, While Traveling, Workout session","recommendations,Others, Social media",3,Never,Comedy,Conversational,Well known individuals,Longer,Ok,0,1,0,0,0,1,Smartphone,Young Adult,1,1,1,0,1,0,0,1,Algorithm-driven,1,0,1,0,1,0,Non-podcast user
20-35,Female,6 months to 1 year,Computer or laptop,Premium,Yes,Duo plan,Music,Rap,Morning,Uplifting and motivational,While Traveling,Radio,2,Several times a week,Lifestyle and Health,Educational,unknown Podcasters,Longer,Dissatisfied,1,0,1,0,0,1,Computer,Young Adult,0,1,0,0,0,0,1,0,Radio/Autoplay,1,0,0,0,0,0,Regular user
20-35,Female,1 year to 2 years,Smart speakers or voice assistants,Premium,No,Family plan,Music,Classical,Night,Sadness or melancholy,While Traveling,Others,3,Once a week,Health and Fitness,Story telling,unknown Podcasters,Both,Dissatisfied,0,0,0,1,0,1,Speaker,Young Adult,0,0,1,0,0,0,0,1,External Discovery,1,0,0,0,0,0,Light user
20-35,Female,6 months to 1 year,Computer or laptop,Free,Yes,Duo plan,Podcast,Melody,Afternoon,"Relaxation and stress relief, Uplifting and motivational, Sadness or melancholy","Office hours, Study Hours, While Traveling","Radio, Others",3,Several times a week,Lifestyle and Health,Interview,unknown Podcasters,Longer,Satisfied,1,0,1,0,0,1,Computer,Young Adult,1,1,1,0,0,0,1,1,Radio/Autoplay,1,0,0,1,1,0,Regular user
20-35,Female,1 year to 2 years,"Computer or laptop, Smart speakers or voice assistants",Premium,Yes,Duo plan,Podcast,Classical,Afternoon,"Relaxation and stress relief, Uplifting and motivational",Office hours,recommendations,2,Once a week,Health and Fitness,Story telling,unknown Podcasters,Both,Ok,1,0,1,1,0,2,Computer,Young Adult,1,1,0,0,1,0,0,0,Algorithm-driven,0,0,0,0,1,0,Light user
20-35,Female,1 year to 2 years,Computer or laptop,Premium,No,Duo plan,Podcast,Rap,Afternoon,Uplifting and motivational,Workout session,Radio,2,Several times a week,Health and Fitness,Interview,unknown Podcasters,Both,Ok,0,0,1,0,0,1,Computer,Young Adult,0,1,0,0,0,0,1,0,Radio/Autoplay,0,0,1,0,0,0,Regular user
20-35,Female,1 year to 2 years,Smart speakers or voice assistants,Free,Yes,Duo plan,Podcast,Classical,Afternoon,Sadness or melancholy,"Office hours, While Traveling, Workout session","recommendations, Radio, Others",2,Once a week,Lifestyle and Health,Educational,unknown Podcasters,Both,Ok,1,0,0,1,0,1,Speaker,Young Adult,0,0,1,0,1,0,1,1,Algorithm-driven,1,0,1,0,1,0,Light user
20-35,Female,6 months to 1 year,"Computer or laptop, Smart speakers or voice assistants",Free,Yes,Duo plan,Podcast,Rap,Afternoon,Uplifting and motivational,"Study Hours, While Traveling, Workout session","recommendations, Playlists, Radio",4,Once a week,Sports,Story telling,unknown Podcasters,Both,Ok,1,0,1,1,0,2,Computer,Young Adult,0,1,0,0,1,1,1,0,Hybrid: Rec + Playlist,1,0,1,1,0,0,Light user
20-35,Female,6 months to 1 year,"Computer or laptop, Wearable devices",Free,No,Duo plan,Podcast,Melody,Morning,"Relaxation and stress relief, Uplifting and motivational","Study Hours, Workout session","recommendations, Playlists, Radio",3,Several times a week,Health and Fitness,Interview,unknown Podcasters,Longer,Ok,0,0,1,0,1,2,Computer,Young Adult,1,1,0,0,1,1,1,0,Hybrid: Rec + Playlist,0,0,1,1,0,0,Regular user
12-20,Female,6 months to 1 year,Computer or laptop,Premium,No,Individual plan,Music,Classical,Afternoon,"Uplifting and motivational, Sadness or melancholy",Workout session,Radio,2,Several times a week,Lifestyle and Health,Story telling,Well known individuals,Shorter,Very Satisfied,0,0,1,0,0,1,Computer,Teen Listener,0,1,1,0,0,0,1,0,Radio/Autoplay,0,0,1,0,0,0,Regular user
20-35,Female,6 months to 1 year,"Computer or laptop, Smart speakers or voice assistants",Premium,Yes,Individual plan,Podcast,Melody,Morning,"Uplifting and motivational, Social gatherings or parties","Office hours, Study Hours, While Traveling","Playlists, Others",3,Several times a week,Lifestyle and Health,Story telling,unknown Podcasters,Longer,Very Satisfied,1,0,1,1,0,2,Computer,Young Adult,0,1,0,1,0,1,0,1,Playlist-driven,1,0,0,1,1,0,Regular user
20-35,Others,1 year to 2 years,Computer or laptop,Premium,No,Family plan,Music,Classical,Afternoon,Uplifting and motivational,While Traveling,Radio,2,Once a week,Sports,Story telling,unknown Podcasters,Longer,Satisfied,0,0,1,0,0,1,Computer,Young Adult,0,1,0,0,0,0,1,0,Radio/Autoplay,1,0,0,0,0,0,Light user
12-20,Female,6 months to 1 year,Smart speakers or voice assistants,Free,No,Duo plan,Podcast,Classical,Afternoon,"Uplifting and motivational, Sadness or melancholy",While Traveling,"Playlists, Radio",3,Several times a week,Sports,Story telling,Both,Longer,Ok,0,0,0,1,0,1,Speaker,Teen Listener,0,1,1,0,0,1,1,0,Playlist-driven,1,0,0,0,0,0,Regular user
20-35,Female,6 months to 1 year,Smart speakers or voice assistants,Premium,No,Family plan,Music,Melody,Afternoon,Sadness or melancholy,While Traveling,Others,2,Once a week,Sports,Conversational,Both,Longer,Ok,0,0,0,1,0,1,Speaker,Young Adult,0,0,1,0,0,0,0,1,External Discovery,1,0,0,0,0,0,Light user
20-35,Female,1 year to 2 years,Smart speakers or voice assistants,Premium,Yes,Family plan,Podcast,Melody,Afternoon,Sadness or melancholy,Workout session,Others,3,Once a week,Health and Fitness,Story telling,unknown Podcasters,Longer,Satisfied,1,0,0,1,0,1,Speaker,Young Adult,0,0,1,0,0,0,0,1,External Discovery,0,0,1,0,0,0,Light user
20-35,Female,1 year to 2 years,Smart speakers or voice assistants,Free,Yes,Duo plan,Music,Rap,Afternoon,Sadness or melancholy,While Traveling,Radio,3,Once a week,Sports,Story telling,unknown Podcasters,Both,Ok,1,0,0,1,0,1,Speaker,Young Adult,0,0,1,0,0,0,1,0,Radio/Autoplay,1,0,0,0,0,0,Light user
12-20,Female,6 months to 1 year,Computer or laptop,Premium,Yes,Duo plan,Podcast,Classical,Morning,Sadness or melancholy,While Traveling,Playlists,3,Once a week,Sports,Interview,Both,Longer,Ok,1,0,1,0,0,1,Computer,Teen Listener,0,0,1,0,0,1,0,0,Playlist-driven,1,0,0,0,0,0,Light user
12-20,Female,6 months to 1 year,Computer or laptop,Free,Yes,Family plan,Music,Classical,Afternoon,Sadness or melancholy,"While Traveling, leisure time",Others,3,Once a week,Health and Fitness,Educational,unknown Podcasters,Both,Satisfied,1,0,1,0,0,1,Computer,Teen Listener,0,0,1,0,0,0,0,1,External Discovery,1,1,0,0,0,0,Light user
20-35,Female,More than 2 years,Smartphone,Free,No,Student plan,Music,Pop,Night,"Relaxation and stress relief, Social gatherings or parties",leisure time,"Others, Social media",2,Rarely,Health and Fitness,Educational,Well known individuals,Shorter,Ok,0,1,0,0,0,1,Smartphone,Young Adult,1,0,0,1,0,0,0,1,External Discovery,0,1,0,0,0,0,Light user
20-35,Female,1 year to 2 years,Smartphone,Free,No,Individual plan,Music,Pop,Night,Relaxation and stress relief,leisure time,recommendations,4,Never,No Podcast Usage,No Podcast Usage,No Podcast Usage,No Podcast Usage,Ok,0,1,0,0,0,1,Smartphone,Young Adult,1,0,0,0,1,0,0,0,Algorithm-driven,0,1,0,0,0,0,Non-podcast user
20-35,Female,More than 2 years,Smartphone,Free,Yes,Individual plan,Music,Melody,Night,"Relaxation and stress relief, Uplifting and motivational, Sadness or melancholy","While Traveling, leisure time",recommendations,4,Several times a week,Lifestyle and Health,Educational,Well known individuals,Shorter,Satisfied,1,1,0,0,0,1,Smartphone,Young Adult,1,1,1,0,1,0,0,0,Algorithm-driven,1,1,0,0,0,0,Regular user
20-35,Female,6 months to 1 year,Smartphone,Free,No,None,Music,Melody,Night,"Relaxation and stress relief, Uplifting and motivational, Social gatherings or parties",leisure time,Playlists,3,Never,No Podcast Usage,No Podcast Usage,No Podcast Usage,No Podcast Usage,Ok,0,1,0,0,0,1,Smartphone,Young Adult,1,1,0,1,0,1,0,0,Playlist-driven,0,1,0,0,0,0,Non-podcast user
20-35,Female,Less than 6 months,Smartphone,Free,No,None,Music,Classical,Morning,"Relaxation and stress relief, Uplifting and motivational","Study Hours, While Traveling, leisure time","recommendations, Playlists",3,Daily,No Podcast Usage,No Podcast Usage,No Podcast Usage,No Podcast Usage,Ok,0,1,0,0,0,1,Smartphone,Young Adult,1,1,0,0,1,1,0,0,Hybrid: Rec + Playlist,1,1,0,1,0,0,Regular user
20-35,Female,More than 2 years,Smartphone,Free,No,Student plan,Music,Classical,Night,Sadness or melancholy,leisure time,Others,3,Never,No Podcast Usage,No Podcast Usage,No Podcast Usage,No Podcast Usage,Ok,0,1,0,0,0,1,Smartphone,Young Adult,0,0,1,0,0,0,0,1,External Discovery,0,1,0,0,0,0,Non-podcast user
20-35,Female,Less than 6 months,Smartphone,Free,No,None,Music,Melody,Night,Relaxation and stress relief,While Traveling,Playlists,4,Several times a week,Comedy,Story telling,unknown Podcasters,Shorter,Very Satisfied,0,1,0,0,0,1,Smartphone,Young Adult,1,0,0,0,0,1,0,0,Playlist-driven,1,0,0,0,0,0,Regular user
20-35,Female,6 months to 1 year,Smartphone,Free,Yes,Student plan,Music,Melody,Night,"Relaxation and stress relief, Uplifting and motivational, Sadness or melancholy","Office hours, Study Hours, While Traveling","recommendations, Playlists",5,Rarely,Lifestyle and Health,Conversational,Well known individuals,Shorter,Ok,1,1,0,0,0,1,Smartphone,Young Adult,1,1,1,0,1,1,0,0,Hybrid: Rec + Playlist,1,0,0,1,1,0,Light user
20-35,Male,More than 2 years,Smartphone,Free,Yes,Student plan,Music,Pop,Night,Relaxation and stress relief,"While Traveling, Before bed","recommendations, Playlists",3,Never,No Podcast Usage,No Podcast Usage,No Podcast Usage,No Podcast Usage,Satisfied,1,1,0,0,0,1,Smartphone,Young Adult,1,0,0,0,1,1,0,0,Hybrid: Rec + Playlist,1,0,0,0,0,1,Non-podcast user
20-35,Female,More than 2 years,Smartphone,Free,Yes,Individual plan,Music,Melody,Morning,Relaxation and stress relief,"While Traveling, leisure time",recommendations,4,Never,No Podcast Usage,Story telling,No Podcast Usage,No Podcast Usage,Ok,1,1,0,0,0,1,Smartphone,Young Adult,1,0,0,0,1,0,0,0,Algorithm-driven,1,1,0,0,0,0,Non-podcast user
20-35,Female,1 year to 2 years,Smartphone,Free,No,Individual plan,Music,Pop,Morning,Uplifting and motivational,"While Traveling, leisure time",Others,3,Never,No Podcast Usage,No Podcast Usage,No Podcast Usage,No Podcast Usage,Ok,0,1,0,0,0,1,Smartphone,Young Adult,0,1,0,0,0,0,0,1,External Discovery,1,1,0,0,0,0,Non-podcast user
20-35,Female,6 months to 1 year,Smartphone,Free,Yes,Individual plan,Music,Melody,Night,"Relaxation and stress relief, Uplifting and motivational, Sadness or melancholy","While Traveling, leisure time","recommendations, Others",1,Rarely,Other,Story telling,Both,Shorter,Ok,1,1,0,0,0,1,Smartphone,Young Adult,1,1,1,0,1,0,0,1,Algorithm-driven,1,1,0,0,0,0,Light user
20-35,Female,6 months to 1 year,"Smartphone, Wearable devices",Free,No,None,Music,Melody,Night,"Relaxation and stress relief, Sadness or melancholy","Office hours, While Traveling, Workout session",Others,4,Never,Food and cooking,No Podcast Usage,No Podcast Usage,No Podcast Usage,Ok,0,1,0,0,1,2,Smartphone,Young Adult,1,0,1,0,0,0,0,1,External Discovery,1,0,1,0,1,0,Non-podcast user
20-35,Female,Less than 6 months,Smartphone,Free,No,Student plan,Music,Pop,Afternoon,"Relaxation and stress relief, Uplifting and motivational, Sadness or melancholy","While Traveling, Workout session, leisure time",recommendations,4,Rarely,Comedy,No Podcast Usage,No Podcast Usage,Shorter,Ok,0,1,0,0,0,1,Smartphone,Young Adult,1,1,1,0,1,0,0,0,Algorithm-driven,1,1,1,0,0,0,Light user
20-35,Female,More than 2 years,Smartphone,Free,No,None,Music,Melody,Night,Relaxation and stress relief,Office hours,Playlists,3,Rarely,No Podcast Usage,Story telling,Both,Both,Satisfied,0,1,0,0,0,1,Smartphone,Young Adult,1,0,0,0,0,1,0,0,Playlist-driven,0,0,0,0,1,0,Light user
20-35,Female,1 year to 2 years,Smartphone,Free,No,Individual plan,Music,Melody,Night,Relaxation and stress relief,leisure time,"recommendations, Playlists",4,Rarely,Comedy,Conversational,Well known individuals,Both,Ok,0,1,0,0,0,1,Smartphone,Young Adult,1,0,0,0,1,1,0,0,Hybrid: Rec + Playlist,0,1,0,0,0,0,Light user
20-35,Male,More than 2 years,Smartphone,Free,Yes,Individual plan,Music,Rap,Night,Uplifting and motivational,leisure time,"Playlists, Others",4,Rarely,Lifestyle and Health,Educational,Both,Both,Very Satisfied,1,1,0,0,0,1,Smartphone,Young Adult,0,1,0,0,0,1,0,1,Playlist-driven,0,1,0,0,0,0,Light user
20-35,Female,More than 2 years,Smartphone,Free,No,Individual plan,Music,Classical,Night,Relaxation and stress relief,Workout session,recommendations,4,Rarely,Comedy,Conversational,Both,Shorter,Satisfied,0,1,0,0,0,1,Smartphone,Young Adult,1,0,0,0,1,0,0,0,Algorithm-driven,0,0,1,0,0,0,Light user
20-35,Female,More than 2 years,Smartphone,Free,No,None,Music,Melody,Night,Relaxation and stress relief,While Traveling,Radio,3,Several times a week,No Podcast Usage,No Podcast Usage,No Podcast Usage,No Podcast Usage,Ok,0,1,0,0,0,1,Smartphone,Young Adult,1,0,0,0,0,0,1,0,Radio/Autoplay,1,0,0,0,0,0,Regular user
12-20,Male,1 year to 2 years,"Smartphone, Computer or laptop",Free,No,None,Music,Melody,Night,"Relaxation and stress relief, Sadness or melancholy","Study Hours, While Traveling",Others,3,Never,No Podcast Usage,No Podcast Usage,No Podcast Usage,No Podcast Usage,Ok,0,1,1,0,0,2,Smartphone,Teen Listener,1,0,1,0,0,0,0,1,External Discovery,1,0,0,1,0,0,Non-podcast user
20-35,Female,More than 2 years,"Smartphone, Wearable devices",Free,No,Duo plan,Music,Electronic/Dance,Night,"Relaxation and stress relief, Uplifting and motivational, Sadness or melancholy, Social gatherings or parties","Office hours, Study Hours, While Traveling, Workout session",Playlists,3,Once a week,Lifestyle and Health,Story telling,Both,Both,Ok,0,1,0,0,1,2,Smartphone,Young Adult,1,1,1,1,0,1,0,0,Playlist-driven,1,0,1,1,1,0,Light user
20-35,Female,Less than 6 months,Smartphone,Premium,Yes,Individual plan,Music,Melody,Afternoon,Relaxation and stress relief,"Office hours, While Traveling","recommendations, Playlists, Radio",5,Rarely,Comedy,Story telling,Both,Shorter,Ok,1,1,0,0,0,1,Smartphone,Young Adult,1,0,0,0,1,1,1,0,Hybrid: Rec + Playlist,1,0,0,0,1,0,Light user
20-35,Female,More than 2 years,Smartphone,Free,No,Student plan,Music,Pop,Night,"Relaxation and stress relief, Uplifting and motivational, Sadness or melancholy, Social gatherings or parties","While Traveling, Workout session, leisure time",recommendations,5,Rarely,No Podcast Usage,No Podcast Usage,No Podcast Usage,No Podcast Usage,Satisfied,0,1,0,0,0,1,Smartphone,Young Adult,1,1,1,1,1,0,0,0,Algorithm-driven,1,1,1,0,0,0,Light user
20-35,Female,More than 2 years,"Smartphone, Computer or laptop",Free,No,Individual plan,Music,Pop,Night,"Relaxation and stress relief, Uplifting and motivational","Office hours, While Traveling, leisure time","recommendations, Playlists",4,Rarely,Other,Story telling,Both,Both,Ok,0,1,1,0,0,2,Smartphone,Young Adult,1,1,0,0,1,1,0,0,Hybrid: Rec + Playlist,1,1,0,0,1,0,Light user
20-35,Female,More than 2 years,Smartphone,Free,No,Student plan,Music,Pop,Night,Relaxation and stress relief,While Traveling,Others,4,Never,Health and Fitness,Interview,Well known individuals,Shorter,Ok,0,1,0,0,0,1,Smartphone,Young Adult,1,0,0,0,0,0,0,1,External Discovery,1,0,0,0,0,0,Non-podcast user
20-35,Female,More than 2 years,Smartphone,Free,Yes,Unknown,Music,Melody,Night,Relaxation and stress relief,While Traveling,recommendations,3,Rarely,Comedy,Conversational,Both,Shorter,Ok,1,1,0,0,0,1,Smartphone,Young Adult,1,0,0,0,1,0,0,0,Algorithm-driven,1,0,0,0,0,0,Light user
20-35,Female,More than 2 years,Smartphone,Free,No,Individual plan,Music,Melody,Morning,Relaxation and stress relief,"Office hours, While Traveling","recommendations, Playlists",4,Rarely,Health and Fitness,Story telling,Well known individuals,Shorter,Ok,0,1,0,0,0,1,Smartphone,Young Adult,1,0,0,0,1,1,0,0,Hybrid: Rec + Playlist,1,0,0,0,1,0,Light user
20-35,Female,1 year to 2 years,"Smartphone, Computer or laptop, Smart speakers or voice assistants, Wearable devices",Premium,Yes,Student plan,Music,Melody,Night,"Relaxation and stress relief, Sadness or melancholy, Social gatherings or parties","Study Hours, While Traveling, leisure time","recommendations, Playlists, Radio",4,Rarely,Comedy,Story telling,Both,Both,Ok,1,1,1,1,1,4,Smartphone,Young Adult,1,0,1,1,1,1,1,0,Hybrid: Rec + Playlist,1,1,0,1,0,0,Light user
20-35,Female,More than 2 years,Smartphone,Free,No,Student plan,Music,Pop,Night,Relaxation and stress relief,While Traveling,Playlists,5,Never,No Podcast Usage,No Podcast Usage,No Podcast Usage,No Podcast Usage,Dissatisfied,0,1,0,0,0,1,Smartphone,Young Adult,1,0,0,0,0,1,0,0,Playlist-driven,1,0,0,0,0,0,Non-podcast user
20-35,Female,6 months to 1 year,Smartphone,Free,Yes,Duo plan,Music,Melody,Night,Relaxation and stress relief,While Traveling,recommendations,3,Once a week,Food and cooking,Conversational,Both,Both,Ok,1,1,0,0,0,1,Smartphone,Young Adult,1,0,0,0,1,0,0,0,Algorithm-driven,1,0,0,0,0,0,Light user
20-35,Female,Less than 6 months,Smartphone,Free,No,Student plan,Podcast,Melody,Night,Relaxation and stress relief,leisure time,recommendations,3,Rarely,Comedy,Story telling,Both,Shorter,Ok,0,1,0,0,0,1,Smartphone,Young Adult,1,0,0,0,1,0,0,0,Algorithm-driven,0,1,0,0,0,0,Light user
20-35,Female,More than 2 years,Smartphone,Premium,Yes,Individual plan,Music,Pop,Night,"Relaxation and stress relief, Uplifting and motivational","Study Hours, Workout session, leisure time",Radio,1,Rarely,Lifestyle and Health,Conversational,Both,Both,Ok,1,1,0,0,0,1,Smartphone,Young Adult,1,1,0,0,0,0,1,0,Radio/Autoplay,0,1,1,1,0,0,Light user
20-35,Female,Less than 6 months,Smartphone,Free,No,Student plan,Music,Classical,Night,Relaxation and stress relief,"While Traveling, leisure time","recommendations, Playlists, Radio, Others",3,Several times a week,Comedy,Story telling,Both,Shorter,Ok,0,1,0,0,0,1,Smartphone,Young Adult,1,0,0,0,1,1,1,1,Hybrid: Rec + Playlist,1,1,0,0,0,0,Regular user
20-35,Female,Less than 6 months,Smartphone,Free,No,Individual plan,Music,Melody,Night,Social gatherings or parties,While Traveling,"Others, Friends",4,Rarely,Comedy,No Podcast Usage,No Podcast Usage,No Podcast Usage,Dissatisfied,0,1,0,0,0,1,Smartphone,Young Adult,0,0,0,1,0,0,0,1,External Discovery,1,0,0,0,0,0,Light user
20-35,Female,More than 2 years,Smartphone,Free,No,None,Podcast,Melody,Morning,Relaxation and stress relief,While Traveling,"recommendations, Others",5,Several times a week,Health and Fitness,Story telling,Both,Both,Ok,0,1,0,0,0,1,Smartphone,Young Adult,1,0,0,0,1,0,0,1,Algorithm-driven,1,0,0,0,0,0,Regular user
20-35,Female,6 months to 1 year,Smartphone,Free,No,None,Music,Melody,Afternoon,Relaxation and stress relief,While Traveling,recommendations,5,Rarely,Comedy,Conversational,Both,Both,Ok,0,1,0,0,0,1,Smartphone,Young Adult,1,0,0,0,1,0,0,0,Algorithm-driven,1,0,0,0,0,0,Light user
20-35,Female,More than 2 years,"Smartphone, Wearable devices",Free,No,None,Music,Melody,Night,"Relaxation and stress relief, Sadness or melancholy, Social gatherings or parties","Office hours, Study Hours, While Traveling, leisure time","recommendations, Playlists, Others",3,Rarely,Other,Conversational,Both,Both,Ok,0,1,0,0,1,2,Smartphone,Young Adult,1,0,1,1,1,1,0,1,Hybrid: Rec + Playlist,1,1,0,1,1,0,Light user
20-35,Female,More than 2 years,"Smartphone, Computer or laptop",Free,No,Student plan,Music,Melody,Night,"Relaxation and stress relief, Social gatherings or parties","While Traveling, Workout session, leisure time",Playlists,4,Rarely,Comedy,Story telling,Both,Shorter,Ok,0,1,1,0,0,2,Smartphone,Young Adult,1,0,0,1,0,1,0,0,Playlist-driven,1,1,1,0,0,0,Light user
20-35,Female,Less than 6 months,Smartphone,Free,No,None,Music,Pop,Night,"Relaxation and stress relief, Uplifting and motivational, Sadness or melancholy, Social gatherings or parties","Study Hours, While Traveling, Workout session, leisure time","recommendations, Playlists",4,Rarely,Lifestyle and Health,Story telling,Well known individuals,Shorter,Ok,0,1,0,0,0,1,Smartphone,Young Adult,1,1,1,1,1,1,0,0,Hybrid: Rec + Playlist,1,1,1,1,0,0,Light user
20-35,Male,Less than 6 months,Smartphone,Free,Yes,Duo plan,Music,Electronic/Dance,Morning,"Relaxation and stress relief, Uplifting and motivational, Sadness or melancholy, Social gatherings or parties","Office hours, Study Hours, While Traveling, Workout session, leisure time","recommendations, Others, Social media",3,Rarely,Sports,Educational,Well known individuals,Shorter,Dissatisfied,1,1,0,0,0,1,Smartphone,Young Adult,1,1,1,1,1,0,0,1,Algorithm-driven,1,1,1,1,1,0,Light user
20-35,Female,1 year to 2 years,Smartphone,Premium,Yes,Individual plan,Music,Melody,Night,Sadness or melancholy,leisure time,recommendations,3,Never,No Podcast Usage,Conversational,Well known individuals,Shorter,Satisfied,1,1,0,0,0,1,Smartphone,Young Adult,0,0,1,0,1,0,0,0,Algorithm-driven,0,1,0,0,0,0,Non-podcast user
20-35,Male,More than 2 years,Smartphone,Free,No,Student plan,Music,Classical,Night,Relaxation and stress relief,While Traveling,"recommendations, Playlists",4,Never,No Podcast Usage,No Podcast Usage,No Podcast Usage,No Podcast Usage,Ok,0,1,0,0,0,1,Smartphone,Young Adult,1,0,0,0,1,1,0,0,Hybrid: Rec + Playlist,1,0,0,0,0,0,Non-podcast user
60+,Female,1 year to 2 years,Smartphone,Free,No,Duo plan,Music,Melody,Night,Relaxation and stress relief,"Office hours, While Traveling, leisure time","recommendations, Playlists",4,Rarely,Comedy,Story telling,Both,Shorter,Satisfied,0,1,0,0,0,1,Smartphone,Adult Listener,1,0,0,0,1,1,0,0,Hybrid: Rec + Playlist,1,1,0,0,1,0,Light user
20-35,Female,More than 2 years,"Smartphone, Computer or laptop, Smart speakers or voice assistants, Wearable devices",Free,No,None,Music,Pop,Afternoon,"Relaxation and stress relief, Uplifting and motivational, Social gatherings or parties","Office hours, While Traveling, Workout session, leisure time","recommendations, Playlists",5,Never,No Podcast Usage,No Podcast Usage,No Podcast Usage,No Podcast Usage,Ok,0,1,1,1,1,4,Smartphone,Young Adult,1,1,0,1,1,1,0,0,Hybrid: Rec + Playlist,1,1,1,0,1,0,Non-podcast user
20-35,Male,More than 2 years,Smartphone,Free,No,None,Music,Pop,Night,"Relaxation and stress relief, Social gatherings or parties","Office hours, While Traveling","recommendations, Playlists",5,Rarely,Lifestyle and Health,Conversational,Well known individuals,Both,Satisfied,0,1,0,0,0,1,Smartphone,Young Adult,1,0,0,1,1,1,0,0,Hybrid: Rec + Playlist,1,0,0,0,1,0,Light user
20-35,Female,6 months to 1 year,Smartphone,Free,Yes,Student plan,Music,Melody,Night,Relaxation and stress relief,While Traveling,Playlists,4,Never,No Podcast Usage,No Podcast Usage,No Podcast Usage,No Podcast Usage,Ok,1,1,0,0,0,1,Smartphone,Young Adult,1,0,0,0,0,1,0,0,Playlist-driven,1,0,0,0,0,0,Non-podcast user
20-35,Female,Less than 6 months,Smartphone,Free,No,Student plan,Music,Melody,Night,"Relaxation and stress relief, Uplifting and motivational, Sadness or melancholy","While Traveling, leisure time","recommendations, Playlists, Radio",3,Rarely,Comedy,Conversational,Both,Shorter,Satisfied,0,1,0,0,0,1,Smartphone,Young Adult,1,1,1,0,1,1,1,0,Hybrid: Rec + Playlist,1,1,0,0,0,0,Light user
20-35,Female,Less than 6 months,Smartphone,Free,No,Individual plan,Music,Melody,Night,Relaxation and stress relief,While Traveling,Playlists,4,Rarely,Lifestyle and Health,Interview,Well known individuals,Shorter,Satisfied,0,1,0,0,0,1,Smartphone,Young Adult,1,0,0,0,0,1,0,0,Playlist-driven,1,0,0,0,0,0,Light user
20-35,Female,6 months to 1 year,Smartphone,Free,No,Individual plan,Music,Other,Night,"Relaxation and stress relief, Sadness or melancholy",leisure time,Playlists,3,Never,No Podcast Usage,No Podcast Usage,No Podcast Usage,No Podcast Usage,Ok,0,1,0,0,0,1,Smartphone,Young Adult,1,0,1,0,0,1,0,0,Playlist-driven,0,1,0,0,0,0,Non-podcast user
20-35,Female,More than 2 years,Smartphone,Free,No,Student plan,Music,Other,Night,"Relaxation and stress relief, Uplifting and motivational","While Traveling, leisure time","recommendations, Radio",4,Never,No Podcast Usage,No Podcast Usage,No Podcast Usage,No Podcast Usage,Ok,0,1,0,0,0,1,Smartphone,Young Adult,1,1,0,0,1,0,1,0,Algorithm-driven,1,1,0,0,0,0,Non-podcast user
12-20,Male,More than 2 years,"Smartphone, Wearable devices",Free,No,Student plan,Music,Pop,Morning,Relaxation and stress relief,While Traveling,Playlists,4,Rarely,Sports,Interview,Both,Shorter,Ok,0,1,0,0,1,2,Smartphone,Teen Listener,1,0,0,0,0,1,0,0,Playlist-driven,1,0,0,0,0,0,Light user
20-35,Male,1 year to 2 years,Smartphone,Free,No,Student plan,Music,Pop,Afternoon,"Relaxation and stress relief, Uplifting and motivational, Sadness or melancholy","While Traveling, Workout session","recommendations, Playlists",3,Never,No Podcast Usage,No Podcast Usage,No Podcast Usage,No Podcast Usage,Satisfied,0,1,0,0,0,1,Smartphone,Young Adult,1,1,1,0,1,1,0,0,Hybrid: Rec + Playlist,1,0,1,0,0,0,Non-podcast user
20-35,Female,6 months to 1 year,Smartphone,Free,No,Family plan,Music,Melody,Night,"Relaxation and stress relief, Social gatherings or parties","Office hours, Study Hours, While Traveling, leisure time","recommendations, Playlists",3,Rarely,Comedy,Conversational,Well known individuals,Shorter,Ok,0,1,0,0,0,1,Smartphone,Young Adult,1,0,0,1,1,1,0,0,Hybrid: Rec + Playlist,1,1,0,1,1,0,Light user
20-35,Female,Less than 6 months,"Smartphone, Smart speakers or voice assistants, Wearable devices",Free,No,Student plan,Music,Melody,Night,"Relaxation and stress relief, Uplifting and motivational, Sadness or melancholy, Social gatherings or parties","Study Hours, While Traveling, leisure time","recommendations, Radio",4,Rarely,Other,Story telling,Both,Both,Satisfied,0,1,0,1,1,3,Smartphone,Young Adult,1,1,1,1,1,0,1,0,Algorithm-driven,1,1,0,1,0,0,Light user
20-35,Female,More than 2 years,Smartphone,Free,Yes,Student plan,Music,Melody,Night,"Relaxation and stress relief, Sadness or melancholy","While Traveling, leisure time","Playlists, Others",3,Rarely,Lifestyle and Health,Conversational,Both,Shorter,Satisfied,1,1,0,0,0,1,Smartphone,Young Adult,1,0,1,0,0,1,0,1,Playlist-driven,1,1,0,0,0,0,Light user
20-35,Female,1 year to 2 years,Smartphone,Free,No,Individual plan,Music,Melody,Afternoon,"Relaxation and stress relief, Uplifting and motivational",leisure time,recommendations,3,Rarely,Food and cooking,Conversational,unknown Podcasters,Shorter,Ok,0,1,0,0,0,1,Smartphone,Young Adult,1,1,0,0,1,0,0,0,Algorithm-driven,0,1,0,0,0,0,Light user
20-35,Female,Less than 6 months,Smartphone,Free,No,Student plan,Music,Melody,Night,Uplifting and motivational,leisure time,Others,4,Rarely,Lifestyle and Health,Story telling,Well known individuals,Shorter,Satisfied,0,1,0,0,0,1,Smartphone,Young Adult,0,1,0,0,0,0,0,1,External Discovery,0,1,0,0,0,0,Light user
20-35,Female,1 year to 2 years,Smartphone,Free,No,None,Music,Pop,Night,"Relaxation and stress relief, Uplifting and motivational","While Traveling, leisure time","recommendations, Playlists",3,Rarely,No Podcast Usage,Conversational,Both,Shorter,Satisfied,0,1,0,0,0,1,Smartphone,Young Adult,1,1,0,0,1,1,0,0,Hybrid: Rec + Playlist,1,1,0,0,0,0,Light user
20-35,Female,More than 2 years,"Smartphone, Smart speakers or voice assistants",Free,Yes,Family plan,Music,Melody,Night,"Relaxation and stress relief, Uplifting and motivational, Sadness or melancholy, Social gatherings or parties","While Traveling, Workout session, leisure time","recommendations, Playlists, Radio",5,Several times a week,Health and Fitness,Story telling,Both,Shorter,Very Satisfied,1,1,0,1,0,2,Smartphone,Young Adult,1,1,1,1,1,1,1,0,Hybrid: Rec + Playlist,1,1,1,0,0,0,Regular user
20-35,Female,1 year to 2 years,Smartphone,Free,No,Individual plan,Music,Melody,Night,Relaxation and stress relief,While Traveling,recommendations,5,Several times a week,Lifestyle and Health,Story telling,Well known individuals,Shorter,Ok,0,1,0,0,0,1,Smartphone,Young Adult,1,0,0,0,1,0,0,0,Algorithm-driven,1,0,0,0,0,0,Regular user
20-35,Male,More than 2 years,Smart speakers or voice assistants,Free,Yes,Student plan,Music,Melody,Night,Relaxation and stress relief,leisure time,recommendations,3,Never,No Podcast Usage,No Podcast Usage,No Podcast Usage,No Podcast Usage,Very Dissatisfied,1,0,0,1,0,1,Speaker,Young Adult,1,0,0,0,1,0,0,0,Algorithm-driven,0,1,0,0,0,0,Non-podcast user
20-35,Female,More than 2 years,Smartphone,Premium,Yes,Individual plan,Music,Pop,Night,"Relaxation and stress relief, Uplifting and motivational, Sadness or melancholy, Social gatherings or parties","Office hours, Study Hours, While Traveling, Workout session, leisure time,",Playlists,3,Rarely,Lifestyle and Health,Conversational,Both,Shorter,Ok,1,1,0,0,0,1,Smartphone,Young Adult,1,1,1,1,0,1,0,0,Playlist-driven,1,1,1,1,1,0,Light user
20-35,Female,1 year to 2 years,"Smart speakers or voice assistants, Wearable devices",Free,Yes,Student plan,Music,Melody,Night,"Relaxation and stress relief, Uplifting and motivational",While Traveling,Others,4,Rarely,Comedy,Story telling,Both,Shorter,Satisfied,1,0,0,1,1,2,Speaker,Young Adult,1,1,0,0,0,0,0,1,External Discovery,1,0,0,0,0,0,Light user
12-20,Female,Less than 6 months,Smartphone,Free,No,Student plan,Music,Pop,Night,"Relaxation and stress relief, Uplifting and motivational, Sadness or melancholy, Social gatherings or parties","Study Hours, While Traveling, Workout session, leisure time",Playlists,5,Never,No Podcast Usage,No Podcast Usage,No Podcast Usage,No Podcast Usage,Satisfied,0,1,0,0,0,1,Smartphone,Teen Listener,1,1,1,1,0,1,0,0,Playlist-driven,1,1,1,1,0,0,Non-podcast user
20-35,Female,More than 2 years,Smartphone,Free,No,None,Music,Melody,Afternoon,Relaxation and stress relief,Office hours,Playlists,3,Rarely,Comedy,Story telling,Both,Shorter,Ok,0,1,0,0,0,1,Smartphone,Young Adult,1,0,0,0,0,1,0,0,Playlist-driven,0,0,0,0,1,0,Light user
20-35,Female,More than 2 years,"Smartphone, Computer or laptop, Smart speakers or voice assistants, Wearable devices",Free,No,Student plan,Music,Rap,Night,"Relaxation and stress relief, Uplifting and motivational, Sadness or melancholy, Social gatherings or parties","Office hours, Study Hours, While Traveling, Workout session, leisure time","Playlists, Radio, Others",5,Never,No Podcast Usage,No Podcast Usage,No Podcast Usage,No Podcast Usage,Ok,0,1,1,1,1,4,Smartphone,Young Adult,1,1,1,1,0,1,1,1,Playlist-driven,1,1,1,1,1,0,Non-podcast user
20-35,Female,Less than 6 months,Smartphone,Free,Yes,Individual plan,Music,Melody,Night,Relaxation and stress relief,"Office hours, Study Hours, While Traveling, Workout session, leisure time",Playlists,3,Rarely,Lifestyle and Health,Interview,Well known individuals,Shorter,Ok,1,1,0,0,0,1,Smartphone,Young Adult,1,0,0,0,0,1,0,0,Playlist-driven,1,1,1,1,1,0,Light user
20-35,Female,More than 2 years,"Smartphone, Computer or laptop",Free,No,Student plan,Music,Melody,Night,Relaxation and stress relief,"While Traveling, leisure time",Others,1,Never,No Podcast Usage,No Podcast Usage,Well known individuals,Shorter,Ok,0,1,1,0,0,2,Smartphone,Young Adult,1,0,0,0,0,0,0,1,External Discovery,1,1,0,0,0,0,Non-podcast user
20-35,Female,More than 2 years,Wearable devices,Free,No,Student plan,Music,Melody,Night,Uplifting and motivational,While Traveling,Playlists,4,Never,Food and cooking,Educational,Both,Shorter,Ok,0,0,0,0,1,1,Wearable,Young Adult,0,1,0,0,0,1,0,0,Playlist-driven,1,0,0,0,0,0,Non-podcast user
20-35,Female,More than 2 years,Smartphone,Free,No,Student plan,Music,Melody,Morning,Uplifting and motivational,leisure time,"recommendations, Playlists",3,Several times a week,Lifestyle and Health,Conversational,Both,Longer,Satisfied,0,1,0,0,0,1,Smartphone,Young Adult,0,1,0,0,1,1,0,0,Hybrid: Rec + Playlist,0,1,0,0,0,0,Regular user
20-35,Female,More than 2 years,Smartphone,Free,No,Student plan,Music,Pop,Night,Relaxation and stress relief,While Traveling,recommendations,1,Rarely,No Podcast Usage,Educational,No Podcast Usage,Both,Ok,0,1,0,0,0,1,Smartphone,Young Adult,1,0,0,0,1,0,0,0,Algorithm-driven,1,0,0,0,0,0,Light user
20-35,Female,1 year to 2 years,Smartphone,Free,No,None,Music,Electronic/Dance,Night,Social gatherings or parties,Workout session,Others,2,Never,No Podcast Usage,No Podcast Usage,Well known individuals,Shorter,Ok,0,1,0,0,0,1,Smartphone,Young Adult,0,0,0,1,0,0,0,1,External Discovery,0,0,1,0,0,0,Non-podcast user
20-35,Female,1 year to 2 years,"Smartphone, Computer or laptop",Free,Yes,Duo plan,Music,Melody,Night,"Relaxation and stress relief, Uplifting and motivational, Sadness or melancholy, Social gatherings or parties","Office hours, Study Hours, While Traveling, Workout session, leisure time","recommendations, Others",4,Never,No Podcast Usage,No Podcast Usage,No Podcast Usage,No Podcast Usage,Ok,1,1,1,0,0,2,Smartphone,Young Adult,1,1,1,1,1,0,0,1,Algorithm-driven,1,1,1,1,1,0,Non-podcast user
20-35,Female,More than 2 years,Smartphone,Premium,Yes,Individual plan,Music,Melody,Night,Relaxation and stress relief,"Office hours, While Traveling, leisure time",Others,4,Rarely,Lifestyle and Health,Story telling,unknown Podcasters,Shorter,Ok,1,1,0,0,0,1,Smartphone,Young Adult,1,0,0,0,0,0,0,1,External Discovery,1,1,0,0,1,0,Light user
20-35,Female,Less than 6 months,Smartphone,Free,No,Student plan,Music,Melody,Night,"Relaxation and stress relief, Uplifting and motivational, Sadness or melancholy","Office hours, leisure time","recommendations, Playlists, Others",4,Rarely,Lifestyle and Health,Conversational,Well known individuals,Shorter,Ok,0,1,0,0,0,1,Smartphone,Young Adult,1,1,1,0,1,1,0,1,Hybrid: Rec + Playlist,0,1,0,0,1,0,Light user
12-20,Female,More than 2 years,"Smartphone, Computer or laptop",Free,No,None,Music,Melody,Night,"Relaxation and stress relief, Uplifting and motivational",leisure time,"recommendations, Playlists, Others",3,Once a week,Health and Fitness,Conversational,Both,Shorter,Ok,0,1,1,0,0,2,Smartphone,Teen Listener,1,1,0,0,1,1,0,1,Hybrid: Rec + Playlist,0,1,0,0,0,0,Light user
20-35,Female,Less than 6 months,Smartphone,Free,No,None,Music,Melody,Night,Relaxation and stress relief,"While Traveling, leisure time",recommendations,5,Once a week,Food and cooking,Conversational,Both,Shorter,Satisfied,0,1,0,0,0,1,Smartphone,Young Adult,1,0,0,0,1,0,0,0,Algorithm-driven,1,1,0,0,0,0,Light user
20-35,Female,Less than 6 months,Smartphone,Free,No,Student plan,Music,Melody,Night,Sadness or melancholy,"Office hours, While Traveling",Others,4,Never,Food and cooking,Conversational,Both,Shorter,Ok,0,1,0,0,0,1,Smartphone,Young Adult,0,0,1,0,0,0,0,1,External Discovery,1,0,0,0,1,0,Non-podcast user
20-35,Male,More than 2 years,"Smartphone, Computer or laptop",Free,No,Student plan,Music,Other,Night,"Uplifting and motivational, Social gatherings or parties",leisure time,"recommendations, Playlists",4,Never,Comedy,Story telling,No Podcast Usage,No Podcast Usage,Ok,0,1,1,0,0,2,Smartphone,Young Adult,0,1,0,1,1,1,0,0,Hybrid: Rec + Playlist,0,1,0,0,0,0,Non-podcast user
20-35,Female,1 year to 2 years,Smartphone,Free,Yes,Duo plan,Music,Melody,Night,"Relaxation and stress relief, Uplifting and motivational, Sadness or melancholy, Social gatherings or parties","Study Hours, While Traveling, leisure time","recommendations, Playlists",5,Never,No Podcast Usage,No Podcast Usage,No Podcast Usage,No Podcast Usage,Satisfied,1,1,0,0,0,1,Smartphone,Young Adult,1,1,1,1,1,1,0,0,Hybrid: Rec + Playlist,1,1,0,1,0,0,Non-podcast user
20-35,Female,More than 2 years,Smartphone,Free,No,None,Music,Melody,Night,"Relaxation and stress relief, Sadness or melancholy",leisure time,recommendations,3,Rarely,Comedy,Conversational,Both,Shorter,Ok,0,1,0,0,0,1,Smartphone,Young Adult,1,0,1,0,1,0,0,0,Algorithm-driven,0,1,0,0,0,0,Light user
20-35,Male,1 year to 2 years,Smartphone,Free,No,Student plan,Music,Melody,Afternoon,Relaxation and stress relief,While Traveling,recommendations,3,Rarely,Sports,Story telling,Both,Shorter,Ok,0,1,0,0,0,1,Smartphone,Young Adult,1,0,0,0,1,0,0,0,Algorithm-driven,1,0,0,0,0,0,Light user
20-35,Female,1 year to 2 years,"Smartphone, Computer or laptop",Free,No,None,Music,Melody,Night,"Relaxation and stress relief, Uplifting and motivational","While Traveling, Workout session","recommendations, Playlists, Others",4,Rarely,Comedy,Story telling,Both,Shorter,Ok,0,1,1,0,0,2,Smartphone,Young Adult,1,1,0,0,1,1,0,1,Hybrid: Rec + Playlist,1,0,1,0,0,0,Light user
20-35,Female,Less than 6 months,Smartphone,Free,No,None,Music,Melody,Afternoon,Relaxation and stress relief,While Traveling,Playlists,3,Never,No Podcast Usage,No Podcast Usage,No Podcast Usage,No Podcast Usage,Ok,0,1,0,0,0,1,Smartphone,Young Adult,1,0,0,0,0,1,0,0,Playlist-driven,1,0,0,0,0,0,Non-podcast user
20-35,Male,Less than 6 months,"Smartphone, Smart speakers or voice assistants",Free,No,Individual plan,Music,Melody,Night,"Relaxation and stress relief, Uplifting and motivational, Sadness or melancholy, Social gatherings or parties",leisure time,recommendations,3,Never,No Podcast Usage,No Podcast Usage,No Podcast Usage,No Podcast Usage,Ok,0,1,0,1,0,2,Smartphone,Young Adult,1,1,1,1,1,0,0,0,Algorithm-driven,0,1,0,0,0,0,Non-podcast user
20-35,Female,Less than 6 months,Smartphone,Free,No,Duo plan,Podcast,Classical,Afternoon,Uplifting and motivational,While Traveling,"recommendations, Playlists",4,Once a week,Health and Fitness,Story telling,unknown Podcasters,Both,Ok,0,1,0,0,0,1,Smartphone,Young Adult,0,1,0,0,1,1,0,0,Hybrid: Rec + Playlist,1,0,0,0,0,0,Light user
20-35,Female,More than 2 years,Smartphone,Free,Yes,Family plan,Music,Melody,Afternoon,Relaxation and stress relief,"Office hours, leisure time",Radio,3,Rarely,No Podcast Usage,No Podcast Usage,No Podcast Usage,Shorter,Ok,1,1,0,0,0,1,Smartphone,Young Adult,1,0,0,0,0,0,1,0,Radio/Autoplay,0,1,0,0,1,0,Light user
20-35,Female,1 year to 2 years,Smartphone,Free,No,Individual plan,Music,Electronic/Dance,Night,Relaxation and stress relief,leisure time,"recommendations, Playlists",4,Rarely,No Podcast Usage,No Podcast Usage,No Podcast Usage,No Podcast Usage,Ok,0,1,0,0,0,1,Smartphone,Young Adult,1,0,0,0,1,1,0,0,Hybrid: Rec + Playlist,0,1,0,0,0,0,Light user
20-35,Male,More than 2 years,Smartphone,Free,No,Student plan,Music,Melody,Night,"Relaxation and stress relief, Uplifting and motivational, Sadness or melancholy","Office hours, While Traveling, Workout session, leisure time","recommendations, Playlists",4,Rarely,No Podcast Usage,No Podcast Usage,No Podcast Usage,No Podcast Usage,Ok,0,1,0,0,0,1,Smartphone,Young Adult,1,1,1,0,1,1,0,0,Hybrid: Rec + Playlist,1,1,1,0,1,0,Light user
12-20,Female,1 year to 2 years,Smartphone,Free,Yes,Student plan,Music,Melody,Night,Sadness or melancholy,"While Traveling, leisure time",recommendations,3,Once a week,Comedy,Story telling,unknown Podcasters,Both,Ok,1,1,0,0,0,1,Smartphone,Teen Listener,0,0,1,0,1,0,0,0,Algorithm-driven,1,1,0,0,0,0,Light user
12-20,Female,6 months to 1 year,Smartphone,Free,No,Student plan,Music,Rap,Morning,Relaxation and stress relief,While Traveling,recommendations,5,Daily,Health and Fitness,Story telling,Both,Longer,Very Satisfied,0,1,0,0,0,1,Smartphone,Teen Listener,1,0,0,0,1,0,0,0,Algorithm-driven,1,0,0,0,0,0,Regular user
20-35,Female,More than 2 years,Smartphone,Premium,Yes,Individual plan,Music,Rap,Night,Social gatherings or parties,leisure time,recommendations,4,Rarely,No Podcast Usage,No Podcast Usage,No Podcast Usage,No Podcast Usage,Ok,1,1,0,0,0,1,Smartphone,Young Adult,0,0,0,1,1,0,0,0,Algorithm-driven,0,1,0,0,0,0,Light user
20-35,Female,Less than 6 months,"Smartphone, Smart speakers or voice assistants, Wearable devices",Free,No,Student plan,Music,Melody,Night,Relaxation and stress relief,While Traveling,Playlists,4,Once a week,Lifestyle and Health,Conversational,Well known individuals,Longer,Satisfied,0,1,0,1,1,3,Smartphone,Young Adult,1,0,0,0,0,1,0,0,Playlist-driven,1,0,0,0,0,0,Light user
20-35,Female,6 months to 1 year,Smartphone,Free,No,None,Music,Melody,Afternoon,Uplifting and motivational,Workout session,Playlists,5,Several times a week,Comedy,Story telling,Both,Both,Very Satisfied,0,1,0,0,0,1,Smartphone,Young Adult,0,1,0,0,0,1,0,0,Playlist-driven,0,0,1,0,0,0,Regular user
35-60,Male,6 months to 1 year,Smartphone,Free,No,Individual plan,Music,Melody,Night,Relaxation and stress relief,While Traveling,Radio,5,Rarely,Comedy,Educational,Well known individuals,Shorter,Very Satisfied,0,1,0,0,0,1,Smartphone,Adult Listener,1,0,0,0,0,0,1,0,Radio/Autoplay,1,0,0,0,0,0,Light user
20-35,Female,6 months to 1 year,Smartphone,Free,No,None,Music,Melody,Night,"Relaxation and stress relief, Sadness or melancholy","While Traveling, Workout session",recommendations,3,Never,No Podcast Usage,No Podcast Usage,No Podcast Usage,No Podcast Usage,Ok,0,1,0,0,0,1,Smartphone,Young Adult,1,0,1,0,1,0,0,0,Algorithm-driven,1,0,1,0,0,0,Non-podcast user
20-35,Female,Less than 6 months,Smartphone,Free,Yes,Student plan,Music,Melody,Morning,Relaxation and stress relief,"While Traveling, leisure time","recommendations, Playlists",4,Never,No Podcast Usage,No Podcast Usage,No Podcast Usage,No Podcast Usage,Satisfied,1,1,0,0,0,1,Smartphone,Young Adult,1,0,0,0,1,1,0,0,Hybrid: Rec + Playlist,1,1,0,0,0,0,Non-podcast user
20-35,Female,6 months to 1 year,Smartphone,Free,No,None,Music,Electronic/Dance,Night,Relaxation and stress relief,"While Traveling, leisure time",recommendations,4,Rarely,Lifestyle and Health,Conversational,Well known individuals,Shorter,Very Satisfied,0,1,0,0,0,1,Smartphone,Young Adult,1,0,0,0,1,0,0,0,Algorithm-driven,1,1,0,0,0,0,Light user
20-35,Female,6 months to 1 year,Smartphone,Free,No,Student plan,Music,Melody,Night,Relaxation and stress relief,"While Traveling, Workout session, leisure time","recommendations, Playlists",4,Once a week,Lifestyle and Health,Story telling,Both,Shorter,Satisfied,0,1,0,0,0,1,Smartphone,Young Adult,1,0,0,0,1,1,0,0,Hybrid: Rec + Playlist,1,1,1,0,0,0,Light user
20-35,Female,Less than 6 months,Smartphone,Free,Yes,Duo plan,Music,Melody,Night,Sadness or melancholy,While Traveling,recommendations,3,Rarely,No Podcast Usage,Conversational,Both,Both,Satisfied,1,1,0,0,0,1,Smartphone,Young Adult,0,0,1,0,1,0,0,0,Algorithm-driven,1,0,0,0,0,0,Light user
20-35,Female,Less than 6 months,Smartphone,Free,No,Individual plan,Music,Melody,Night,Relaxation and stress relief,leisure time,recommendations,1,Never,No Podcast Usage,No Podcast Usage,No Podcast Usage,No Podcast Usage,Very Dissatisfied,0,1,0,0,0,1,Smartphone,Young Adult,1,0,0,0,1,0,0,0,Algorithm-driven,0,1,0,0,0,0,Non-podcast user
20-35,Female,6 months to 1 year,Smartphone,Free,No,None,Music,Melody,Afternoon,Relaxation and stress relief,"Office hours, While Traveling, leisure time","recommendations, Playlists",3,Rarely,No Podcast Usage,No Podcast Usage,No Podcast Usage,No Podcast Usage,Ok,0,1,0,0,0,1,Smartphone,Young Adult,1,0,0,0,1,1,0,0,Hybrid: Rec + Playlist,1,1,0,0,1,0,Light user
20-35,Female,Less than 6 months,Smartphone,Free,No,Student plan,Music,Melody,Night,Relaxation and stress relief,While Traveling,recommendations,3,Once a week,Comedy,No Podcast Usage,No Podcast Usage,Both,Ok,0,1,0,0,0,1,Smartphone,Young Adult,1,0,0,0,1,0,0,0,Algorithm-driven,1,0,0,0,0,0,Light user
20-35,Male,More than 2 years,"Smartphone, Computer or laptop, Smart speakers or voice assistants",Premium,Yes,Individual plan,Music,Pop,Night,"Relaxation and stress relief, Uplifting and motivational, Social gatherings or parties","While Traveling, leisure time","recommendations, Playlists, Radio, Others",5,Rarely,Comedy,Story telling,Both,Shorter,Satisfied,1,1,1,1,0,3,Smartphone,Young Adult,1,1,0,1,1,1,1,1,Hybrid: Rec + Playlist,1,1,0,0,0,0,Light user
20-35,Female,More than 2 years,Smartphone,Free,No,Student plan,Music,Pop,Night,Relaxation and stress relief,"Workout session, leisure time",Playlists,4,Never,No Podcast Usage,No Podcast Usage,No Podcast Usage,No Podcast Usage,Ok,0,1,0,0,0,1,Smartphone,Young Adult,1,0,0,0,0,1,0,0,Playlist-driven,0,1,1,0,0,0,Non-podcast user
20-35,Female,More than 2 years,Computer or laptop,Free,No,Student plan,Music,Pop,Night,Sadness or melancholy,"Workout session, leisure time",Others,4,Never,No Podcast Usage,No Podcast Usage,No Podcast Usage,No Podcast Usage,Ok,0,0,1,0,0,1,Computer,Young Adult,0,0,1,0,0,0,0,1,External Discovery,0,1,1,0,0,0,Non-podcast user
20-35,Female,6 months to 1 year,Smartphone,Free,No,Individual plan,Music,Melody,Night,Relaxation and stress relief,While Traveling,recommendations,5,Never,No Podcast Usage,No Podcast Usage,No Podcast Usage,No Podcast Usage,Satisfied,0,1,0,0,0,1,Smartphone,Young Adult,1,0,0,0,1,0,0,0,Algorithm-driven,1,0,0,0,0,0,Non-podcast user
12-20,Female,1 year to 2 years,Smartphone,Free,Yes,Student plan,Music,Melody,Night,Relaxation and stress relief,"Study Hours, Workout session, leisure time","recommendations, Playlists",5,Never,No Podcast Usage,No Podcast Usage,No Podcast Usage,No Podcast Usage,Ok,1,1,0,0,0,1,Smartphone,Teen Listener,1,0,0,0,1,1,0,0,Hybrid: Rec + Playlist,0,1,1,1,0,0,Non-podcast user
20-35,Male,1 year to 2 years,Smartphone,Premium,Yes,Student plan,Podcast,Melody,Night,Relaxation and stress relief,"While Traveling, leisure time","recommendations, Playlists, Others",4,Several times a week,Lifestyle and Health,Conversational,Both,Both,Very Satisfied,1,1,0,0,0,1,Smartphone,Young Adult,1,0,0,0,1,1,0,1,Hybrid: Rec + Playlist,1,1,0,0,0,0,Regular user
20-35,Female,More than 2 years,Smartphone,Free,Yes,Duo plan,Music,Melody,Night,Sadness or melancholy,While Traveling,"Others, Search",4,Rarely,Lifestyle and Health,Conversational,Both,Shorter,Ok,1,1,0,0,0,1,Smartphone,Young Adult,0,0,1,0,0,0,0,1,External Discovery,1,0,0,0,0,0,Light user
20-35,Female,More than 2 years,Smartphone,Free,No,Duo plan,Music,Melody,Night,"Relaxation and stress relief, Uplifting and motivational, Sadness or melancholy, Social gatherings or parties","While Traveling, leisure time","recommendations, Playlists, Others",5,Rarely,Food and cooking,Conversational,Both,Shorter,Satisfied,0,1,0,0,0,1,Smartphone,Young Adult,1,1,1,1,1,1,0,1,Hybrid: Rec + Playlist,1,1,0,0,0,0,Light user
20-35,Female,More than 2 years,Smartphone,Free,No,Student plan,Music,Melody,Morning,Relaxation and stress relief,Study Hours,Playlists,3,Never,No Podcast Usage,Story telling,unknown Podcasters,Shorter,Ok,0,1,0,0,0,1,Smartphone,Young Adult,1,0,0,0,0,1,0,0,Playlist-driven,0,0,0,1,0,0,Non-podcast user
20-35,Female,1 year to 2 years,Smartphone,Premium,Yes,Individual plan,Music,Melody,Night,"Relaxation and stress relief, Uplifting and motivational, Social gatherings or parties","While Traveling, Workout session, leisure time",recommendations,4,Rarely,Lifestyle and Health,Story telling,Well known individuals,Both,Ok,1,1,0,0,0,1,Smartphone,Young Adult,1,1,0,1,1,0,0,0,Algorithm-driven,1,1,1,0,0,0,Light user
20-35,Female,Less than 6 months,Smartphone,Free,No,None,Music,Pop,Night,"Relaxation and stress relief, Social gatherings or parties",leisure time,recommendations,3,Rarely,Comedy,No Podcast Usage,No Podcast Usage,Shorter,Ok,0,1,0,0,0,1,Smartphone,Young Adult,1,0,0,1,1,0,0,0,Algorithm-driven,0,1,0,0,0,0,Light user
20-35,Female,6 months to 1 year,Smartphone,Free,No,Student plan,Music,Melody,Night,Relaxation and stress relief,"While Traveling, leisure time","recommendations, Others",3,Once a week,Sports,No Podcast Usage,No Podcast Usage,No Podcast Usage,Ok,0,1,0,0,0,1,Smartphone,Young Adult,1,0,0,0,1,0,0,1,Algorithm-driven,1,1,0,0,0,0,Light user
20-35,Female,Less than 6 months,Smartphone,Free,No,None,Music,Melody,Night,Relaxation and stress relief,While Traveling,recommendations,3,Rarely,Sports,Educational,Both,Shorter,Satisfied,0,1,0,0,0,1,Smartphone,Young Adult,1,0,0,0,1,0,0,0,Algorithm-driven,1,0,0,0,0,0,Light user
20-35,Female,Less than 6 months,Smartphone,Free,No,Student plan,Podcast,Melody,Night,Relaxation and stress relief,leisure time,recommendations,3,Several times a week,Comedy,Story telling,Well known individuals,Shorter,Ok,0,1,0,0,0,1,Smartphone,Young Adult,1,0,0,0,1,0,0,0,Algorithm-driven,0,1,0,0,0,0,Regular user
20-35,Male,1 year to 2 years,Smartphone,Free,No,Duo plan,Music,Melody,Night,"Relaxation and stress relief, Uplifting and motivational","While Traveling, leisure time",Playlists,2,Rarely,Comedy,Educational,Both,Longer,Satisfied,0,1,0,0,0,1,Smartphone,Young Adult,1,1,0,0,0,1,0,0,Playlist-driven,1,1,0,0,0,0,Light user
20-35,Female,Less than 6 months,Smartphone,Free,No,None,Music,Melody,Morning,Relaxation and stress relief,leisure time,"recommendations, Playlists",3,Rarely,No Podcast Usage,No Podcast Usage,No Podcast Usage,Shorter,Ok,0,1,0,0,0,1,Smartphone,Young Adult,1,0,0,0,1,1,0,0,Hybrid: Rec + Playlist,0,1,0,0,0,0,Light user
20-35,Female,1 year to 2 years,"Smartphone, Smart speakers or voice assistants",Free,No,Duo plan,Music,Melody,Afternoon,"Relaxation and stress relief, Social gatherings or parties","Office hours, While Traveling,",recommendations,4,Several times a week,No Podcast Usage,No Podcast Usage,No Podcast Usage,No Podcast Usage,Ok,0,1,0,1,0,2,Smartphone,Young Adult,1,0,0,1,1,0,0,0,Algorithm-driven,1,0,0,0,1,0,Regular user
20-35,Male,Less than 6 months,Smartphone,Free,No,Student plan,Music,Pop,Night,"Relaxation and stress relief, Uplifting and motivational, Social gatherings or parties","While Traveling, Workout session, leisure time",recommendations,4,Rarely,Comedy,Story telling,Both,Shorter,Satisfied,0,1,0,0,0,1,Smartphone,Young Adult,1,1,0,1,1,0,0,0,Algorithm-driven,1,1,1,0,0,0,Light user
20-35,Female,More than 2 years,"Smartphone, Computer or laptop",Free,No,Individual plan,Music,Pop,Morning,"Relaxation and stress relief, Uplifting and motivational, Sadness or melancholy, Social gatherings or parties","While Traveling, Workout session, leisure time",Others,3,Never,No Podcast Usage,No Podcast Usage,No Podcast Usage,No Podcast Usage,Ok,0,1,1,0,0,2,Smartphone,Young Adult,1,1,1,1,0,0,0,1,External Discovery,1,1,1,0,0,0,Non-podcast user
20-35,Female,More than 2 years,Smartphone,Premium,Yes,Individual plan,Music,Melody,Night,"Relaxation and stress relief, Uplifting and motivational, Sadness or melancholy","While Traveling, Workout session, leisure time","recommendations, Playlists, Others",4,Rarely,Lifestyle and Health,Educational,Both,Shorter,Ok,1,1,0,0,0,1,Smartphone,Young Adult,1,1,1,0,1,1,0,1,Hybrid: Rec + Playlist,1,1,1,0,0,0,Light user
20-35,Female,More than 2 years,Smartphone,Free,Yes,Family plan,Music,Pop,Night,"Relaxation and stress relief, Sadness or melancholy, Social gatherings or parties","While Traveling, Workout session, leisure time","recommendations, Playlists",4,Once a week,Lifestyle and Health,Conversational,Well known individuals,Both,Satisfied,1,1,0,0,0,1,Smartphone,Young Adult,1,0,1,1,1,1,0,0,Hybrid: Rec + Playlist,1,1,1,0,0,0,Light user
20-35,Female,More than 2 years,"Smartphone, Computer or laptop",Free,No,None,Music,Pop,Night,"Relaxation and stress relief, Uplifting and motivational, Sadness or melancholy","Office hours, leisure time",recommendations,4,Never,No Podcast Usage,No Podcast Usage,No Podcast Usage,No Podcast Usage,Ok,0,1,1,0,0,2,Smartphone,Young Adult,1,1,1,0,1,0,0,0,Algorithm-driven,0,1,0,0,1,0,Non-podcast user
20-35,Female,6 months to 1 year,Smartphone,Free,No,None,Music,Melody,Night,"Relaxation and stress relief, Social gatherings or parties",leisure time,Playlists,4,Rarely,Food and cooking,Conversational,Both,Shorter,Ok,0,1,0,0,0,1,Smartphone,Young Adult,1,0,0,1,0,1,0,0,Playlist-driven,0,1,0,0,0,0,Light user
20-35,Female,1 year to 2 years,Smartphone,Free,No,None,Music,Melody,Night,Relaxation and stress relief,leisure time,Playlists,4,Rarely,Lifestyle and Health,Interview,Well known individuals,Shorter,Satisfied,0,1,0,0,0,1,Smartphone,Young Adult,1,0,0,0,0,1,0,0,Playlist-driven,0,1,0,0,0,0,Light user
20-35,Female,6 months to 1 year,Smartphone,Free,No,None,Music,Melody,Night,Relaxation and stress relief,"Office hours, leisure time",Playlists,3,Never,No Podcast Usage,No Podcast Usage,No Podcast Usage,No Podcast Usage,Ok,0,1,0,0,0,1,Smartphone,Young Adult,1,0,0,0,0,1,0,0,Playlist-driven,0,1,0,0,1,0,Non-podcast user
20-35,Male,1 year to 2 years,Smartphone,Premium,Yes,Student plan,Music,Other,Morning,"Relaxation and stress relief, Uplifting and motivational","While Traveling, Workout session, leisure time",Playlists,3,Never,No Podcast Usage,No Podcast Usage,Well known individuals,Shorter,Dissatisfied,1,1,0,0,0,1,Smartphone,Young Adult,1,1,0,0,0,1,0,0,Playlist-driven,1,1,1,0,0,0,Non-podcast user
20-35,Female,More than 2 years,Smartphone,Free,No,Student plan,Music,Pop,Night,"Relaxation and stress relief, Sadness or melancholy","While Traveling, Workout session, leisure time","recommendations, Playlists",4,Once a week,Comedy,Conversational,Well known individuals,Shorter,Satisfied,0,1,0,0,0,1,Smartphone,Young Adult,1,0,1,0,1,1,0,0,Hybrid: Rec + Playlist,1,1,1,0,0,0,Light user
20-35,Female,Less than 6 months,"Smartphone, Computer or laptop",Free,No,None,Music,Melody,Afternoon,Relaxation and stress relief,leisure time,Others,3,Never,No Podcast Usage,No Podcast Usage,No Podcast Usage,No Podcast Usage,Ok,0,1,1,0,0,2,Smartphone,Young Adult,1,0,0,0,0,0,0,1,External Discovery,0,1,0,0,0,0,Non-podcast user
20-35,Female,More than 2 years,"Smartphone, Computer or laptop",Free,Yes,Individual plan,Music,Electronic/Dance,Night,"Relaxation and stress relief, Uplifting and motivational",leisure time,recommendations,5,Rarely,Lifestyle and Health,Story telling,Well known individuals,Shorter,Satisfied,1,1,1,0,0,2,Smartphone,Young Adult,1,1,0,0,1,0,0,0,Algorithm-driven,0,1,0,0,0,0,Light user
20-35,Female,6 months to 1 year,Smartphone,Free,No,Family plan,Music,Melody,Night,Relaxation and stress relief,"Office hours, While Traveling, leisure time","recommendations, Others",5,Rarely,Other,Story telling,Both,Shorter,Satisfied,0,1,0,0,0,1,Smartphone,Young Adult,1,0,0,0,1,0,0,1,Algorithm-driven,1,1,0,0,1,0,Light user
20-35,Female,More than 2 years,Smartphone,Free,No,None,Music,Other,Night,Relaxation and stress relief,leisure time,Others,3,Never,No Podcast Usage,Conversational,Well known individuals,No Podcast Usage,Ok,0,1,0,0,0,1,Smartphone,Young Adult,1,0,0,0,0,0,0,1,External Discovery,0,1,0,0,0,0,Non-podcast user
20-35,Female,More than 2 years,"Smartphone, Smart speakers or voice assistants, Wearable devices",Free,No,None,Music,Melody,Night,"Relaxation and stress relief, Uplifting and motivational, Sadness or melancholy, Social gatherings or parties","While Traveling, Workout session, leisure time","recommendations, Playlists",5,Rarely,Comedy,Story telling,Both,Shorter,Satisfied,0,1,0,1,1,3,Smartphone,Young Adult,1,1,1,1,1,1,0,0,Hybrid: Rec + Playlist,1,1,1,0,0,0,Light user
20-35,Female,More than 2 years,Smartphone,Free,Yes,Family plan,Music,Melody,Night,Relaxation and stress relief,leisure time,Playlists,4,Rarely,Lifestyle and Health,Educational,unknown Podcasters,Shorter,Satisfied,1,1,0,0,0,1,Smartphone,Young Adult,1,0,0,0,0,1,0,0,Playlist-driven,0,1,0,0,0,0,Light user
20-35,Female,More than 2 years,Smartphone,Free,No,Student plan,Music,Melody,Night,Relaxation and stress relief,While Traveling,"recommendations, Playlists",4,Rarely,Lifestyle and Health,Interview,Both,Shorter,Ok,0,1,0,0,0,1,Smartphone,Young Adult,1,0,0,0,1,1,0,0,Hybrid: Rec + Playlist,1,0,0,0,0,0,Light user
20-35,Female,More than 2 years,Smartphone,Free,No,None,Music,Melody,Night,"Relaxation and stress relief, Sadness or melancholy",leisure time,"recommendations, Playlists",4,Rarely,Lifestyle and Health,Educational,Both,Both,Ok,0,1,0,0,0,1,Smartphone,Young Adult,1,0,1,0,1,1,0,0,Hybrid: Rec + Playlist,0,1,0,0,0,0,Light user
20-35,Male,More than 2 years,Smartphone,Free,No,Family plan,Music,Classical,Night,Relaxation and stress relief,"Office hours, While Traveling",Playlists,4,Rarely,Comedy,Conversational,No Podcast Usage,Shorter,Ok,0,1,0,0,0,1,Smartphone,Young Adult,1,0,0,0,0,1,0,0,Playlist-driven,1,0,0,0,1,0,Light user
20-35,Male,More than 2 years,"Smartphone, Computer or laptop",Free,Yes,Student plan,Music,Classical,Night,"Relaxation and stress relief, Sadness or melancholy",leisure time,Others,4,Never,No Podcast Usage,No Podcast Usage,No Podcast Usage,No Podcast Usage,Very Satisfied,1,1,1,0,0,2,Smartphone,Young Adult,1,0,1,0,0,0,0,1,External Discovery,0,1,0,0,0,0,Non-podcast user
20-35,Female,More than 2 years,Smartphone,Free,No,Student plan,Music,Melody,Night,Relaxation and stress relief,"While Traveling, Workout session, leisure time",Playlists,4,Never,No Podcast Usage,Conversational,No Podcast Usage,Shorter,Ok,0,1,0,0,0,1,Smartphone,Young Adult,1,0,0,0,0,1,0,0,Playlist-driven,1,1,1,0,0,0,Non-podcast user
20-35,Female,1 year to 2 years,"Smartphone, Computer or laptop",Premium,Yes,Individual plan,Music,Pop,Night,"Relaxation and stress relief, Sadness or melancholy","While Traveling, Workout session, leisure time",recommendations,4,Rarely,Lifestyle and Health,Story telling,Both,Both,Satisfied,1,1,1,0,0,2,Smartphone,Young Adult,1,0,1,0,1,0,0,0,Algorithm-driven,1,1,1,0,0,0,Light user
20-35,Female,1 year to 2 years,Smartphone,Free,No,None,Music,Melody,Morning,Relaxation and stress relief,leisure time,recommendations,3,Rarely,Health and Fitness,Educational,Both,Shorter,Satisfied,0,1,0,0,0,1,Smartphone,Young Adult,1,0,0,0,1,0,0,0,Algorithm-driven,0,1,0,0,0,0,Light user
12-20,Others,1 year to 2 years,Computer or laptop,Free,Yes,Duo plan,Podcast,Rap,Night,Sadness or melancholy,leisure time,Others,2,Rarely,Health and Fitness,Story telling,unknown Podcasters,Both,Dissatisfied,1,0,1,0,0,1,Computer,Teen Listener,0,0,1,0,0,0,0,1,External Discovery,0,1,0,0,0,0,Light user
12-20,Female,1 year to 2 years,Computer or laptop,Premium,No,Individual plan,Music,Classical,Morning,Relaxation and stress relief,Study Hours,Playlists,2,Once a week,Health and Fitness,Interview,Well known individuals,Both,Ok,0,0,1,0,0,1,Computer,Teen Listener,1,0,0,0,0,1,0,0,Playlist-driven,0,0,0,1,0,0,Light user
12-20,Female,6 months to 1 year,Smart speakers or voice assistants,Premium,Yes,Individual plan,Podcast,Rap,Afternoon,Sadness or melancholy,"Study Hours, While Traveling",Playlists,2,Several times a week,Comedy,Educational,Both,Longer,Satisfied,1,0,0,1,0,1,Speaker,Teen Listener,0,0,1,0,0,1,0,0,Playlist-driven,1,0,0,1,0,0,Regular user
12-20,Female,6 months to 1 year,Computer or laptop,Premium,No,Duo plan,Music,Rap,Afternoon,Sadness or melancholy,While Traveling,Radio,2,Several times a week,Sports,Conversational,unknown Podcasters,Longer,Satisfied,0,0,1,0,0,1,Computer,Teen Listener,0,0,1,0,0,0,1,0,Radio/Autoplay,1,0,0,0,0,0,Regular user
20-35,Female,1 year to 2 years,Computer or laptop,Free,Yes,Family plan,Podcast,Rap,Afternoon,Uplifting and motivational,While Traveling,Radio,4,Several times a week,Lifestyle and Health,Story telling,Both,Longer,Satisfied,1,0,1,0,0,1,Computer,Young Adult,0,1,0,0,0,0,1,0,Radio/Autoplay,1,0,0,0,0,0,Regular user
20-35,Female,1 year to 2 years,Smart speakers or voice assistants,Premium,Yes,Individual plan,Podcast,Rap,Afternoon,Sadness or melancholy,While Traveling,Radio,2,Once a week,Health and Fitness,Interview,Both,Longer,Very Satisfied,1,0,0,1,0,1,Speaker,Young Adult,0,0,1,0,0,0,1,0,Radio/Autoplay,1,0,0,0,0,0,Light user
20-35,Others,1 year to 2 years,Smart speakers or voice assistants,Free,No,Duo plan,Podcast,Rap,Afternoon,Sadness or melancholy,While Traveling,Radio,2,Once a week,Health and Fitness,Interview,Both,Longer,Ok,0,0,0,1,0,1,Speaker,Young Adult,0,0,1,0,0,0,1,0,Radio/Autoplay,1,0,0,0,0,0,Light user
20-35,Female,More than 2 years,Computer or laptop,Free,Yes,Individual plan,Music,Classical,Afternoon,Sadness or melancholy,While Traveling,Radio,3,Once a week,Sports,Interview,Well known individuals,Longer,Ok,1,0,1,0,0,1,Computer,Young Adult,0,0,1,0,0,0,1,0,Radio/Autoplay,1,0,0,0,0,0,Light user
20-35,Female,6 months to 1 year,Smart speakers or voice assistants,Free,Yes,Family plan,Podcast,Rap,Morning,Uplifting and motivational,While Traveling,Radio,2,Rarely,Health and Fitness,Story telling,unknown Podcasters,Longer,Ok,1,0,0,1,0,1,Speaker,Young Adult,0,1,0,0,0,0,1,0,Radio/Autoplay,1,0,0,0,0,0,Light user
35-60,Female,6 months to 1 year,Smart speakers or voice assistants,Free,No,Duo plan,Music,Rap,Afternoon,Sadness or melancholy,While Traveling,Others,3,Once a week,Health and Fitness,Conversational,Both,Both,Dissatisfied,0,0,0,1,0,1,Speaker,Adult Listener,0,0,1,0,0,0,0,1,External Discovery,1,0,0,0,0,0,Light user
35-60,Female,6 months to 1 year,Computer or laptop,Free,Yes,Individual plan,Podcast,Rap,Afternoon,Sadness or melancholy,"Study Hours, Workout session","Playlists, Radio",3,Once a week,Sports,Interview,Both,Longer,Satisfied,1,0,1,0,0,1,Computer,Adult Listener,0,0,1,0,0,1,1,0,Playlist-driven,0,0,1,1,0,0,Light user
20-35,Others,6 months to 1 year,Smart speakers or voice assistants,Premium,Yes,Individual plan,Music,Rap,Night,Uplifting and motivational,Study Hours,Playlists,3,Rarely,Lifestyle and Health,Story telling,Both,Longer,Very Satisfied,1,0,0,1,0,1,Speaker,Young Adult,0,1,0,0,0,1,0,0,Playlist-driven,0,0,0,1,0,0,Light user
20-35,Female,1 year to 2 years,Wearable devices,Premium,Yes,Individual plan,Music,Electronic/Dance,Afternoon,Sadness or melancholy,Workout session,Radio,3,Rarely,Sports,Conversational,Both,Both,Satisfied,1,0,0,0,1,1,Wearable,Young Adult,0,0,1,0,0,0,1,0,Radio/Autoplay,0,0,1,0,0,0,Light user
12-20,Female,6 months to 1 year,Smart speakers or voice assistants,Premium,Yes,Individual plan,Podcast,Rap,Afternoon,Sadness or melancholy,Workout session,Radio,3,Rarely,Sports,Story telling,unknown Podcasters,Both,Satisfied,1,0,0,1,0,1,Speaker,Teen Listener,0,0,1,0,0,0,1,0,Radio/Autoplay,0,0,1,0,0,0,Light user
35-60,Female,6 months to 1 year,Computer or laptop,Premium,No,Family plan,Podcast,Melody,Morning,Uplifting and motivational,Workout session,Radio,4,Rarely,Lifestyle and Health,Interview,Well known individuals,Both,Ok,0,0,1,0,0,1,Computer,Adult Listener,0,1,0,0,0,0,1,0,Radio/Autoplay,0,0,1,0,0,0,Light user
20-35,Female,Less than 6 months,Computer or laptop,Premium,No,Duo plan,Music,Classical,Afternoon,Uplifting and motivational,Workout session,Others,2,Once a week,Sports,No Podcast Usage,unknown Podcasters,Both,Ok,0,0,1,0,0,1,Computer,Young Adult,0,1,0,0,0,0,0,1,External Discovery,0,0,1,0,0,0,Light user
20-35,Female,6 months to 1 year,Smart speakers or voice assistants,Free,No,Duo plan,Podcast,Classical,Morning,Uplifting and motivational,"Study Hours, leisure time","Playlists, Radio, Others",3,Once a week,Lifestyle and Health,Interview,Both,Both,Ok,0,0,0,1,0,1,Speaker,Young Adult,0,1,0,0,0,1,1,1,Playlist-driven,0,1,0,1,0,0,Light user
20-35,Male,6 months to 1 year,Computer or laptop,Premium,No,Family plan,Podcast,Classical,Afternoon,Uplifting and motivational,While Traveling,Radio,3,Rarely,Health and Fitness,Story telling,unknown Podcasters,Both,Ok,0,0,1,0,0,1,Computer,Young Adult,0,1,0,0,0,0,1,0,Radio/Autoplay,1,0,0,0,0,0,Light user
20-35,Female,1 year to 2 years,"Smartphone, Smart speakers or voice assistants",Free,No,Family plan,Podcast,Rap,Afternoon,Sadness or melancholy,"Study Hours, While Traveling",Playlists,3,Rarely,Sports,Conversational,Both,Both,Ok,0,1,0,1,0,2,Smartphone,Young Adult,0,0,1,0,0,1,0,0,Playlist-driven,1,0,0,1,0,0,Light user
12-20,Male,6 months to 1 year,Computer or laptop,Free,Yes,Duo plan,Podcast,Classical,Afternoon,Sadness or melancholy,Workout session,"Radio, Others",3,Rarely,Sports,Story telling,Well known individuals,Longer,Ok,1,0,1,0,0,1,Computer,Teen Listener,0,0,1,0,0,0,1,1,Radio/Autoplay,0,0,1,0,0,0,Light user
20-35,Others,6 months to 1 year,Smart speakers or voice assistants,Free,Yes,Duo plan,Music,Rap,Afternoon,"Relaxation and stress relief, Sadness or melancholy","Study Hours, While Traveling, leisure time","recommendations, Radio, Others",3,Once a week,Health and Fitness,Story telling,unknown Podcasters,Both,Ok,1,0,0,1,0,1,Speaker,Young Adult,1,0,1,0,1,0,1,1,Algorithm-driven,1,1,0,1,0,0,Light user
20-35,Female,1 year to 2 years,Computer or laptop,Free,Yes,Duo plan,Podcast,Classical,Night,"Uplifting and motivational, Sadness or melancholy","Study Hours, While Traveling, leisure time",Radio,3,Rarely,Sports,Story telling,unknown Podcasters,Both,Satisfied,1,0,1,0,0,1,Computer,Young Adult,0,1,1,0,0,0,1,0,Radio/Autoplay,1,1,0,1,0,0,Light user
12-20,Female,1 year to 2 years,"Computer or laptop, Smart speakers or voice assistants",Premium,No,Duo plan,Music,Rap,Afternoon,"Uplifting and motivational, Social gatherings or parties","Office hours, Study Hours, Workout session","Playlists, Radio, Others",2,Several times a week,Health and Fitness,Story telling,unknown Podcasters,Longer,Ok,0,0,1,1,0,2,Computer,Teen Listener,0,1,0,1,0,1,1,1,Playlist-driven,0,0,1,1,1,0,Regular user
12-20,Female,1 year to 2 years,"Computer or laptop, Smart speakers or voice assistants",Premium,Yes,Family plan,Podcast,Melody,Night,Sadness or melancholy,Study Hours,Radio,3,Once a week,Comedy,Interview,unknown Podcasters,Both,Ok,1,0,1,1,0,2,Computer,Teen Listener,0,0,1,0,0,0,1,0,Radio/Autoplay,0,0,0,1,0,0,Light user
12-20,Female,1 year to 2 years,Computer or laptop,Free,Yes,Family plan,Podcast,Melody,Afternoon,Uplifting and motivational,Workout session,Radio,3,Rarely,Sports,Story telling,unknown Podcasters,Longer,Very Satisfied,1,0,1,0,0,1,Computer,Teen Listener,0,1,0,0,0,0,1,0,Radio/Autoplay,0,0,1,0,0,0,Light user
20-35,Male,6 months to 1 year,Smart speakers or voice assistants,Free,No,Duo plan,Music,Melody,Afternoon,Relaxation and stress relief,While Traveling,"Playlists, Radio",2,Several times a week,Comedy,Story telling,Both,Longer,Ok,0,0,0,1,0,1,Speaker,Young Adult,1,0,0,0,0,1,1,0,Playlist-driven,1,0,0,0,0,0,Regular user
20-35,Female,1 year to 2 years,"Smartphone, Smart speakers or voice assistants, Wearable devices",Free,Yes,Family plan,Podcast,Classical,Afternoon,"Relaxation and stress relief, Sadness or melancholy","Office hours, While Traveling, Workout session","recommendations, Radio, Others",4,Several times a week,Lifestyle and Health,Story telling,unknown Podcasters,Both,Dissatisfied,1,1,0,1,1,3,Smartphone,Young Adult,1,0,1,0,1,0,1,1,Algorithm-driven,1,0,1,0,1,0,Regular user
20-35,Female,1 year to 2 years,Smartphone,Premium,Yes,Family plan,Music,Melody,Afternoon,Sadness or melancholy,leisure time,Others,3,Rarely,Sports,Story telling,Both,Both,Ok,1,1,0,0,0,1,Smartphone,Young Adult,0,0,1,0,0,0,0,1,External Discovery,0,1,0,0,0,0,Light user
6-12,Others,More than 2 years,Computer or laptop,Free,No,Individual plan,Music,Rap,Morning,Social gatherings or parties,Study Hours,Radio,3,Several times a week,Sports,Conversational,Well known individuals,Both,Satisfied,0,0,1,0,0,1,Computer,Teen Listener,0,0,0,1,0,0,1,0,Radio/Autoplay,0,0,0,1,0,0,Regular user
12-20,Male,More than 2 years,"Computer or laptop, Smart speakers or voice assistants, Wearable devices",Free,No,Duo plan,Podcast,Classical,Afternoon,"Uplifting and motivational, Social gatherings or parties",While Traveling,Playlists,4,Rarely,Sports,Interview,Both,Both,Very Satisfied,0,0,1,1,1,3,Computer,Teen Listener,0,1,0,1,0,1,0,0,Playlist-driven,1,0,0,0,0,0,Light user
6-12,Others,1 year to 2 years,Computer or laptop,Premium,No,Duo plan,Podcast,Classical,Afternoon,Uplifting and motivational,Workout session,Playlists,4,Rarely,Sports,Story telling,unknown Podcasters,Both,Ok,0,0,1,0,0,1,Computer,Teen Listener,0,1,0,0,0,1,0,0,Playlist-driven,0,0,1,0,0,0,Light user
20-35,Female,1 year to 2 years,Smart speakers or voice assistants,Free,Yes,Individual plan,Podcast,Rap,Afternoon,Sadness or melancholy,leisure time,Playlists,4,Rarely,Comedy,Story telling,unknown Podcasters,Longer,Satisfied,1,0,0,1,0,1,Speaker,Young Adult,0,0,1,0,0,1,0,0,Playlist-driven,0,1,0,0,0,0,Light user
20-35,Male,6 months to 1 year,Computer or laptop,Free,Yes,Individual plan,Podcast,Classical,Afternoon,Uplifting and motivational,Study Hours,recommendations,3,Several times a week,Lifestyle and Health,Interview,Well known individuals,Longer,Ok,1,0,1,0,0,1,Computer,Young Adult,0,1,0,0,1,0,0,0,Algorithm-driven,0,0,0,1,0,0,Regular user
20-35,Male,1 year to 2 years,Smart speakers or voice assistants,Premium,Yes,Student plan,Podcast,Rap,Afternoon,Sadness or melancholy,While Traveling,Radio,4,Rarely,Sports,Conversational,Both,Both,Satisfied,1,0,0,1,0,1,Speaker,Young Adult,0,0,1,0,0,0,1,0,Radio/Autoplay,1,0,0,0,0,0,Light user
20-35,Female,6 months to 1 year,Computer or laptop,Free,No,Duo plan,Podcast,Classical,Afternoon,Sadness or melancholy,"Study Hours, Workout session",Radio,3,Several times a week,Health and Fitness,Story telling,Both,Shorter,Satisfied,0,0,1,0,0,1,Computer,Young Adult,0,0,1,0,0,0,1,0,Radio/Autoplay,0,0,1,1,0,0,Regular user
20-35,Female,6 months to 1 year,Computer or laptop,Free,Yes,Family plan,Music,Rap,Afternoon,Social gatherings or parties,While Traveling,Playlists,3,Once a week,Lifestyle and Health,Conversational,Both,Longer,Satisfied,1,0,1,0,0,1,Computer,Young Adult,0,0,0,1,0,1,0,0,Playlist-driven,1,0,0,0,0,0,Light user
20-35,Female,6 months to 1 year,Smartphone,Premium,Yes,Duo plan,Podcast,Rap,Afternoon,Uplifting and motivational,"Office hours, While Traveling","recommendations, Playlists, Others",4,Several times a week,Sports,Story telling,Both,Longer,Satisfied,1,1,0,0,0,1,Smartphone,Young Adult,0,1,0,0,1,1,0,1,Hybrid: Rec + Playlist,1,0,0,0,1,0,Regular user
12-20,Male,6 months to 1 year,Smart speakers or voice assistants,Free,Yes,Duo plan,Podcast,Classical,Afternoon,Relaxation and stress relief,"While Traveling, leisure time",Radio,3,Once a week,Sports,Interview,Well known individuals,Both,Very Dissatisfied,1,0,0,1,0,1,Speaker,Teen Listener,1,0,0,0,0,0,1,0,Radio/Autoplay,1,1,0,0,0,0,Light user
12-20,Female,6 months to 1 year,Computer or laptop,Premium,No,None,Music,Pop,Afternoon,Sadness or melancholy,While Traveling,Others,3,Rarely,Health and Fitness,Interview,unknown Podcasters,Both,Ok,0,0,1,0,0,1,Computer,Teen Listener,0,0,1,0,0,0,0,1,External Discovery,1,0,0,0,0,0,Light user
12-20,Others,1 year to 2 years,Smart speakers or voice assistants,Free,No,Duo plan,Music,Classical,Afternoon,Uplifting and motivational,Study Hours,Radio,3,Rarely,Lifestyle and Health,Story telling,unknown Podcasters,Longer,Satisfied,0,0,0,1,0,1,Speaker,Teen Listener,0,1,0,0,0,0,1,0,Radio/Autoplay,0,0,0,1,0,0,Light user
12-20,Male,More than 2 years,Smart speakers or voice assistants,Premium,Yes,Student plan,Podcast,Classical,Afternoon,Relaxation and stress relief,Study Hours,Playlists,3,Several times a week,Health and Fitness,Story telling,Well known individuals,Longer,Very Satisfied,1,0,0,1,0,1,Speaker,Teen Listener,1,0,0,0,0,1,0,0,Playlist-driven,0,0,0,1,0,0,Regular user
20-35,Female,1 year to 2 years,Wearable devices,Free,Yes,Duo plan,Podcast,Classical,Morning,Uplifting and motivational,"Office hours, While Traveling","recommendations, Radio",3,Rarely,Health and Fitness,Story telling,Both,Longer,Satisfied,1,0,0,0,1,1,Wearable,Young Adult,0,1,0,0,1,0,1,0,Algorithm-driven,1,0,0,0,1,0,Light user
20-35,Male,Less than 6 months,Smart speakers or voice assistants,Premium,Yes,Duo plan,Music,Classical,Morning,Uplifting and motivational,Workout session,Playlists,4,Rarely,Lifestyle and Health,Interview,unknown Podcasters,Both,Satisfied,1,0,0,1,0,1,Speaker,Young Adult,0,1,0,0,0,1,0,0,Playlist-driven,0,0,1,0,0,0,Light user
20-35,Female,Less than 6 months,Computer or laptop,Free,No,Duo plan,Podcast,Classical,Morning,Uplifting and motivational,"Office hours, Study Hours, While Traveling","Playlists, Radio",3,Rarely,Health and Fitness,Conversational,unknown Podcasters,Both,Ok,0,0,1,0,0,1,Computer,Young Adult,0,1,0,0,0,1,1,0,Playlist-driven,1,0,0,1,1,0,Light user
12-20,Female,6 months to 1 year,Wearable devices,Premium,Yes,Duo plan,Podcast,Rap,Morning,Relaxation and stress relief,While Traveling,Playlists,2,Rarely,Sports,No Podcast Usage,Well known individuals,Both,Ok,1,0,0,0,1,1,Wearable,Teen Listener,1,0,0,0,0,1,0,0,Playlist-driven,1,0,0,0,0,0,Light user
20-35,Female,More than 2 years,Smartphone,Free,No,None,Music,Melody,Night,"Relaxation and stress relief, Sadness or melancholy","Study Hours, leisure time","recommendations, Others",4,Rarely,Lifestyle and Health,Educational,Well known individuals,Shorter,Ok,0,1,0,0,0,1,Smartphone,Young Adult,1,0,1,0,1,0,0,1,Algorithm-driven,0,1,0,1,0,0,Light user
20-35,Male,More than 2 years,Smartphone,Premium,Yes,Individual plan,Music,Melody,Night,"Relaxation and stress relief, Uplifting and motivational, Sadness or melancholy, Social gatherings or parties",Study Hours,"recommendations, Playlists",5,Rarely,Comedy,Story telling,Both,Longer,Satisfied,1,1,0,0,0,1,Smartphone,Young Adult,1,1,1,1,1,1,0,0,Hybrid: Rec + Playlist,0,0,0,1,0,0,Light user
20-35,Female,More than 2 years,Smartphone,Free,No,Student plan,Music,Melody,Night,Relaxation and stress relief,Office hours,recommendations,4,Rarely,Other,Educational,Both,Shorter,Satisfied,0,1,0,0,0,1,Smartphone,Young Adult,1,0,0,0,1,0,0,0,Algorithm-driven,0,0,0,0,1,0,Light user
20-35,Female,More than 2 years,Smartphone,Free,Yes,Individual plan,Music,Melody,Night,"Relaxation and stress relief, Sadness or melancholy","While Traveling, Workout session","recommendations, Others",4,Once a week,Other,Story telling,Both,Both,Satisfied,1,1,0,0,0,1,Smartphone,Young Adult,1,0,1,0,1,0,0,1,Algorithm-driven,1,0,1,0,0,0,Light user
20-35,Female,More than 2 years,"Smartphone, Computer or laptop, Smart speakers or voice assistants",Free,No,None,Music,Other,Night,"Relaxation and stress relief, Uplifting and motivational","Study Hours, While Traveling, leisure time","recommendations, Playlists, Others",4,Never,No Podcast Usage,No Podcast Usage,No Podcast Usage,No Podcast Usage,Ok,0,1,1,1,0,3,Smartphone,Young Adult,1,1,0,0,1,1,0,1,Hybrid: Rec + Playlist,1,1,0,1,0,0,Non-podcast user
20-35,Female,More than 2 years,Smartphone,Free,No,None,Music,Melody,Night,Relaxation and stress relief,While Traveling,"recommendations, Playlists",4,Rarely,No Podcast Usage,Conversational,Both,Shorter,Satisfied,0,1,0,0,0,1,Smartphone,Young Adult,1,0,0,0,1,1,0,0,Hybrid: Rec + Playlist,1,0,0,0,0,0,Light user
20-35,Female,More than 2 years,"Smartphone, Computer or laptop, Wearable devices",Free,Yes,Student plan,Music,Pop,Morning,"Uplifting and motivational, Sadness or melancholy",While Traveling,recommendations,5,Rarely,Lifestyle and Health,Conversational,Both,Shorter,Ok,1,1,1,0,1,3,Smartphone,Young Adult,0,1,1,0,1,0,0,0,Algorithm-driven,1,0,0,0,0,0,Light user
20-35,Female,More than 2 years,"Smartphone, Computer or laptop",Free,Yes,Student plan,Music,Pop,Night,"Relaxation and stress relief, Uplifting and motivational, Sadness or melancholy, Social gatherings or parties","While Traveling, Workout session, leisure time",Others,2,Rarely,Comedy,Story telling,Both,Shorter,Ok,1,1,1,0,0,2,Smartphone,Young Adult,1,1,1,1,0,0,0,1,External Discovery,1,1,1,0,0,0,Light user
20-35,Female,More than 2 years,Smartphone,Free,No,Student plan,Music,Pop,Night,Relaxation and stress relief,leisure time,recommendations,3,Never,No Podcast Usage,Story telling,Both,Shorter,Ok,0,1,0,0,0,1,Smartphone,Young Adult,1,0,0,0,1,0,0,0,Algorithm-driven,0,1,0,0,0,0,Non-podcast user
20-35,Female,6 months to 1 year,Smartphone,Premium,Yes,Individual plan,Music,Melody,Night,"Relaxation and stress relief, Uplifting and motivational","Workout session, leisure time","recommendations, Others",2,Several times a week,Comedy,Conversational,Both,Longer,Satisfied,1,1,0,0,0,1,Smartphone,Young Adult,1,1,0,0,1,0,0,1,Algorithm-driven,0,1,1,0,0,0,Regular user
20-35,Female,More than 2 years,"Smartphone, Computer or laptop",Premium,Yes,Student plan,Music,Pop,Night,"Relaxation and stress relief, Sadness or melancholy","Office hours,Study Hours, While Traveling, leisure time","Playlists, Radio",3,Never,No Podcast Usage,No Podcast Usage,No Podcast Usage,No Podcast Usage,Ok,1,1,1,0,0,2,Smartphone,Young Adult,1,0,1,0,0,1,1,0,Playlist-driven,1,1,0,1,1,0,Non-podcast user
